Workbook

Sheet Patient Data
B2: Patient data | K2: Progression (achieving or exceeding the MCID) | O2: MSK measure
B3: Patient | C3: Age | D3: Sex | E3: Admit Score | F3: Admit Pain | G3: Payer | H3: Tx Type | I3: Duration | K3: Observed Progression | L3: Predicted Progression | M3: Adjusted Performance | O3: Scale: | P3: 16
B4: A | C4: 18 | D4: Male | E4: 60 | G4: Commercial | H4: Conservative | I4: 8 | K4: 0 | L4: =EXP( VLOOKUP(1, Intercepts!A$2:R$2, P$3, FALSE) + VLOOKUP(C4, Age!A$13:R$103, P$3, FALSE) + VLOOKUP(D4, Sex!A$2:R$4, P$3, FALSE) + VLOOKUP(E4, AdmitScore!A$2:R$103, P$3, FALSE) + VLOOKUP(F4, AdmitPain!A$2:R$13, P$3, FALSE) + VLOOKUP(G4, Payer!A$2:R$7, P$3, FALSE) + VLOOKUP(H4, TxType!A$2:R$3, P$3, FALSE) + VLOOKUP('Patient Data'!I4, Duration!A$2:T$9, P$3+2, TRUE) )/(1+EXP( VLOOKUP(1, Intercepts!A$2:R$2, P$3, FALSE) + VLOOKUP(C4, Age!A$2:R$103, P$3, FALSE) + VLOOKUP(D4, Sex!A$2:R$4, P$3, FALSE) + VLOOKUP(E4, AdmitScore!A$2:R$103, P$3, FALSE) + VLOOKUP(F4, AdmitPain!A$2:R$13, P$3, FALSE) + VLOOKUP(G4, Payer!A$2:R$7, P$3, FALSE) + VLOOKUP(H4, TxType!A$2:R$3, P$3, FALSE) + VLOOKUP('Patient Data'!I4, Duration!A$2:T$9, P$3+2, TRUE) )) -> 0.25300293 | M4: =IF(L4>0.3,K4,1) -> 1 | O4: The value in P3 should correspond to the survey (scale) as shown below.
B5: B | C5: 27 | D5: Female | E5: 10 | F5: 0 | G5: Commercial | H5: Conservative | I5: 10 | K5: 0 | L5: =EXP( VLOOKUP(1, Intercepts!A$2:R$2, P$3, FALSE) + VLOOKUP(C5, Age!A$13:R$103, P$3, FALSE) + VLOOKUP(D5, Sex!A$2:R$4, P$3, FALSE) + VLOOKUP(E5, AdmitScore!A$2:R$103, P$3, FALSE) + VLOOKUP(F5, AdmitPain!A$2:R$13, P$3, FALSE) + VLOOKUP(G5, Payer!A$2:R$7, P$3, FALSE) + VLOOKUP(H5, TxType!A$2:R$3, P$3, FALSE) + VLOOKUP('Patient Data'!I5, Duration!A$2:T$6, P$3+2, TRUE) )/(1+EXP( VLOOKUP(1, Intercepts!A$2:R$2, P$3, FALSE) + VLOOKUP(C5, Age!A$2:R$103, P$3, FALSE) + VLOOKUP(D5, Sex!A$2:R$4, P$3, FALSE) + VLOOKUP(E5, AdmitScore!A$2:R$103, P$3, FALSE) + VLOOKUP(F5, AdmitPain!A$2:R$13, P$3, FALSE) + VLOOKUP(G5, Payer!A$2:R$7, P$3, FALSE) + VLOOKUP(H5, TxType!A$2:R$3, P$3, FALSE) + VLOOKUP('Patient Data'!I5, Duration!A$2:T$6, P$3+2, TRUE) )) -> 0.22912503 | M5: =IF(L5>0.3,K5,1) -> 1
B6: C | C6: 48 | D6: Male | E6: 15 | F6: 1 | G6: Commercial | H6: Conservative | I6: 200 | K6: 0 | L6: =EXP( VLOOKUP(1, Intercepts!A$2:R$2, P$3, FALSE) + VLOOKUP(C6, Age!A$13:R$103, P$3, FALSE) + VLOOKUP(D6, Sex!A$2:R$4, P$3, FALSE) + VLOOKUP(E6, AdmitScore!A$2:R$103, P$3, FALSE) + VLOOKUP(F6, AdmitPain!A$2:R$13, P$3, FALSE) + VLOOKUP(G6, Payer!A$2:R$7, P$3, FALSE) + VLOOKUP(H6, TxType!A$2:R$3, P$3, FALSE) + VLOOKUP('Patient Data'!I6, Duration!A$2:T$6, P$3+2, TRUE) )/(1+EXP( VLOOKUP(1, Intercepts!A$2:R$2, P$3, FALSE) + VLOOKUP(C6, Age!A$2:R$103, P$3, FALSE) + VLOOKUP(D6, Sex!A$2:R$4, P$3, FALSE) + VLOOKUP(E6, AdmitScore!A$2:R$103, P$3, FALSE) + VLOOKUP(F6, AdmitPain!A$2:R$13, P$3, FALSE) + VLOOKUP(G6, Payer!A$2:R$7, P$3, FALSE) + VLOOKUP(H6, TxType!A$2:R$3, P$3, FALSE) + VLOOKUP('Patient Data'!I6, Duration!A$2:T$6, P$3+2, TRUE) )) -> 0.15786598 | M6: =IF(L6>0.3,K6,1) -> 1 | O6: MSK1 Neck NDI Score: | P6: 2 | R6: MSK1.Neck.NDI
B7: D | C7: 93 | D7: Male | E7: 20 | F7: 2 | G7: Auto | H7: Conservative | I7: 3 | K7: 0 | L7: =EXP( VLOOKUP(1, Intercepts!A$2:R$2, P$3, FALSE) + VLOOKUP(C7, Age!A$13:R$103, P$3, FALSE) + VLOOKUP(D7, Sex!A$2:R$4, P$3, FALSE) + VLOOKUP(E7, AdmitScore!A$2:R$103, P$3, FALSE) + VLOOKUP(F7, AdmitPain!A$2:R$13, P$3, FALSE) + VLOOKUP(G7, Payer!A$2:R$7, P$3, FALSE) + VLOOKUP(H7, TxType!A$2:R$3, P$3, FALSE) + VLOOKUP('Patient Data'!I7, Duration!A$2:T$6, P$3+2, TRUE) )/(1+EXP( VLOOKUP(1, Intercepts!A$2:R$2, P$3, FALSE) + VLOOKUP(C7, Age!A$2:R$103, P$3, FALSE) + VLOOKUP(D7, Sex!A$2:R$4, P$3, FALSE) + VLOOKUP(E7, AdmitScore!A$2:R$103, P$3, FALSE) + VLOOKUP(F7, AdmitPain!A$2:R$13, P$3, FALSE) + VLOOKUP(G7, Payer!A$2:R$7, P$3, FALSE) + VLOOKUP(H7, TxType!A$2:R$3, P$3, FALSE) + VLOOKUP('Patient Data'!I7, Duration!A$2:T$6, P$3+2, TRUE) )) -> 0.25090279 | M7: =IF(L7>0.3,K7,1) -> 1 | O7: MSK1 Neck PI Score: | P7: 3 | R7: MSK1.Neck.PI
B8: E | C8: 55 | D8: Male | E8: 25 | F8: 3 | G8: Commercial | H8: Conservative | I8: 366 | K8: 1 | L8: =EXP( VLOOKUP(1, Intercepts!A$2:R$2, P$3, FALSE) + VLOOKUP(C8, Age!A$13:R$103, P$3, FALSE) + VLOOKUP(D8, Sex!A$2:R$4, P$3, FALSE) + VLOOKUP(E8, AdmitScore!A$2:R$103, P$3, FALSE) + VLOOKUP(F8, AdmitPain!A$2:R$13, P$3, FALSE) + VLOOKUP(G8, Payer!A$2:R$7, P$3, FALSE) + VLOOKUP(H8, TxType!A$2:R$3, P$3, FALSE) + VLOOKUP('Patient Data'!I8, Duration!A$2:T$6, P$3+2, TRUE) )/(1+EXP( VLOOKUP(1, Intercepts!A$2:R$2, P$3, FALSE) + VLOOKUP(C8, Age!A$2:R$103, P$3, FALSE) + VLOOKUP(D8, Sex!A$2:R$4, P$3, FALSE) + VLOOKUP(E8, AdmitScore!A$2:R$103, P$3, FALSE) + VLOOKUP(F8, AdmitPain!A$2:R$13, P$3, FALSE) + VLOOKUP(G8, Payer!A$2:R$7, P$3, FALSE) + VLOOKUP(H8, TxType!A$2:R$3, P$3, FALSE) + VLOOKUP('Patient Data'!I8, Duration!A$2:T$6, P$3+2, TRUE) )) -> 0.26817221 | M8: =IF(L8>0.3,K8,1) -> 1 | O8: MSK2 Upper Extremity QDASH Score: | P8: 4 | R8: MSK2.UpperExtremity.QDASH
B9: F | C9: 66 | D9: Male | E9: 30 | F9: 4 | G9: Commercial | H9: Conservative | I9: 60 | K9: 0 | L9: =EXP( VLOOKUP(1, Intercepts!A$2:R$2, P$3, FALSE) + VLOOKUP(C9, Age!A$13:R$103, P$3, FALSE) + VLOOKUP(D9, Sex!A$2:R$4, P$3, FALSE) + VLOOKUP(E9, AdmitScore!A$2:R$103, P$3, FALSE) + VLOOKUP(F9, AdmitPain!A$2:R$13, P$3, FALSE) + VLOOKUP(G9, Payer!A$2:R$7, P$3, FALSE) + VLOOKUP(H9, TxType!A$2:R$3, P$3, FALSE) + VLOOKUP('Patient Data'!I9, Duration!A$2:T$6, P$3+2, TRUE) )/(1+EXP( VLOOKUP(1, Intercepts!A$2:R$2, P$3, FALSE) + VLOOKUP(C9, Age!A$2:R$103, P$3, FALSE) + VLOOKUP(D9, Sex!A$2:R$4, P$3, FALSE) + VLOOKUP(E9, AdmitScore!A$2:R$103, P$3, FALSE) + VLOOKUP(F9, AdmitPain!A$2:R$13, P$3, FALSE) + VLOOKUP(G9, Payer!A$2:R$7, P$3, FALSE) + VLOOKUP(H9, TxType!A$2:R$3, P$3, FALSE) + VLOOKUP('Patient Data'!I9, Duration!A$2:T$6, P$3+2, TRUE) )) -> 0.51288819 | M9: =IF(L9>0.3,K9,1) -> 0 | O9: MSK2 Upper Extremity UE Score: | P9: 5 | R9: MSK2.UpperExtremity.UE
B10: G | C10: 77 | D10: Male | E10: 35 | F10: 5 | G10: Commercial | H10: Conservative | I10: 90 | K10: 0 | L10: =EXP( VLOOKUP(1, Intercepts!A$2:R$2, P$3, FALSE) + VLOOKUP(C10, Age!A$13:R$103, P$3, FALSE) + VLOOKUP(D10, Sex!A$2:R$4, P$3, FALSE) + VLOOKUP(E10, AdmitScore!A$2:R$103, P$3, FALSE) + VLOOKUP(F10, AdmitPain!A$2:R$13, P$3, FALSE) + VLOOKUP(G10, Payer!A$2:R$7, P$3, FALSE) + VLOOKUP(H10, TxType!A$2:R$3, P$3, FALSE) + VLOOKUP('Patient Data'!I10, Duration!A$2:T$6, P$3+2, TRUE) )/(1+EXP( VLOOKUP(1, Intercepts!A$2:R$2, P$3, FALSE) + VLOOKUP(C10, Age!A$2:R$103, P$3, FALSE) + VLOOKUP(D10, Sex!A$2:R$4, P$3, FALSE) + VLOOKUP(E10, AdmitScore!A$2:R$103, P$3, FALSE) + VLOOKUP(F10, AdmitPain!A$2:R$13, P$3, FALSE) + VLOOKUP(G10, Payer!A$2:R$7, P$3, FALSE) + VLOOKUP(H10, TxType!A$2:R$3, P$3, FALSE) + VLOOKUP('Patient Data'!I10, Duration!A$2:T$6, P$3+2, TRUE) )) -> 0.59131595 | M10: =IF(L10>0.3,K10,1) -> 0 | O10: MSK3 Back MDQ Score: | P10: 6 | R10: MSK3.Back.MDQ
B11: H | C11: 88 | D11: Male | E11: 40 | F11: 6 | G11: Commercial | H11: Conservative | I11: 95 | K11: 1 | L11: =EXP( VLOOKUP(1, Intercepts!A$2:R$2, P$3, FALSE) + VLOOKUP(C11, Age!A$13:R$103, P$3, FALSE) + VLOOKUP(D11, Sex!A$2:R$4, P$3, FALSE) + VLOOKUP(E11, AdmitScore!A$2:R$103, P$3, FALSE) + VLOOKUP(F11, AdmitPain!A$2:R$13, P$3, FALSE) + VLOOKUP(G11, Payer!A$2:R$7, P$3, FALSE) + VLOOKUP(H11, TxType!A$2:R$3, P$3, FALSE) + VLOOKUP('Patient Data'!I11, Duration!A$2:T$6, P$3+2, TRUE) )/(1+EXP( VLOOKUP(1, Intercepts!A$2:R$2, P$3, FALSE) + VLOOKUP(C11, Age!A$2:R$103, P$3, FALSE) + VLOOKUP(D11, Sex!A$2:R$4, P$3, FALSE) + VLOOKUP(E11, AdmitScore!A$2:R$103, P$3, FALSE) + VLOOKUP(F11, AdmitPain!A$2:R$13, P$3, FALSE) + VLOOKUP(G11, Payer!A$2:R$7, P$3, FALSE) + VLOOKUP(H11, TxType!A$2:R$3, P$3, FALSE) + VLOOKUP('Patient Data'!I11, Duration!A$2:T$6, P$3+2, TRUE) )) -> 0.4870276 | M11: =IF(L11>0.3,K11,1) -> 1 | O11: MSK3 Back PI Score: | P11: 7 | R11: MSK3.Back.PI
B12: I | C12: 22 | D12: Male | E12: 45 | F12: 7 | G12: Self | H12: Conservative | I12: 100 | K12: 1 | L12: =EXP( VLOOKUP(1, Intercepts!A$2:R$2, P$3, FALSE) + VLOOKUP(C12, Age!A$13:R$103, P$3, FALSE) + VLOOKUP(D12, Sex!A$2:R$4, P$3, FALSE) + VLOOKUP(E12, AdmitScore!A$2:R$103, P$3, FALSE) + VLOOKUP(F12, AdmitPain!A$2:R$13, P$3, FALSE) + VLOOKUP(G12, Payer!A$2:R$7, P$3, FALSE) + VLOOKUP(H12, TxType!A$2:R$3, P$3, FALSE) + VLOOKUP('Patient Data'!I12, Duration!A$2:T$6, P$3+2, TRUE) )/(1+EXP( VLOOKUP(1, Intercepts!A$2:R$2, P$3, FALSE) + VLOOKUP(C12, Age!A$2:R$103, P$3, FALSE) + VLOOKUP(D12, Sex!A$2:R$4, P$3, FALSE) + VLOOKUP(E12, AdmitScore!A$2:R$103, P$3, FALSE) + VLOOKUP(F12, AdmitPain!A$2:R$13, P$3, FALSE) + VLOOKUP(G12, Payer!A$2:R$7, P$3, FALSE) + VLOOKUP(H12, TxType!A$2:R$3, P$3, FALSE) + VLOOKUP('Patient Data'!I12, Duration!A$2:T$6, P$3+2, TRUE) )) -> 0.64001285 | M12: =IF(L12>0.3,K12,1) -> 1 | O12: MSK4 Lower Extremity LEFS Score: | P12: 8 | R12: MSK4.LowerExtremity.LEFS
B13: J | C13: 33 | D13: Female | E13: 50 | F13: 8 | G13: Commercial | H13: Conservative | I13: 110 | K13: 0 | L13: =EXP( VLOOKUP(1, Intercepts!A$2:R$2, P$3, FALSE) + VLOOKUP(C13, Age!A$13:R$103, P$3, FALSE) + VLOOKUP(D13, Sex!A$2:R$4, P$3, FALSE) + VLOOKUP(E13, AdmitScore!A$2:R$103, P$3, FALSE) + VLOOKUP(F13, AdmitPain!A$2:R$13, P$3, FALSE) + VLOOKUP(G13, Payer!A$2:R$7, P$3, FALSE) + VLOOKUP(H13, TxType!A$2:R$3, P$3, FALSE) + VLOOKUP('Patient Data'!I13, Duration!A$2:T$6, P$3+2, TRUE) )/(1+EXP( VLOOKUP(1, Intercepts!A$2:R$2, P$3, FALSE) + VLOOKUP(C13, Age!A$2:R$103, P$3, FALSE) + VLOOKUP(D13, Sex!A$2:R$4, P$3, FALSE) + VLOOKUP(E13, AdmitScore!A$2:R$103, P$3, FALSE) + VLOOKUP(F13, AdmitPain!A$2:R$13, P$3, FALSE) + VLOOKUP(G13, Payer!A$2:R$7, P$3, FALSE) + VLOOKUP(H13, TxType!A$2:R$3, P$3, FALSE) + VLOOKUP('Patient Data'!I13, Duration!A$2:T$6, P$3+2, TRUE) )) -> 0.68861125 | M13: =IF(L13>0.3,K13,1) -> 0 | O13: MSK4 Lower Extremity PI Score: | P13: 9 | R13: MSK4.LowerExtremity.PF
B14: K | C14: 25 | D14: Male | E14: 55 | F14: 9 | G14: Commercial | H14: Conservative | I14: Missing | K14: 0 | L14: =EXP( VLOOKUP(1, Intercepts!A$2:R$2, P$3, FALSE) + VLOOKUP(C14, Age!A$13:R$103, P$3, FALSE) + VLOOKUP(D14, Sex!A$2:R$4, P$3, FALSE) + VLOOKUP(E14, AdmitScore!A$2:R$103, P$3, FALSE) + VLOOKUP(F14, AdmitPain!A$2:R$13, P$3, FALSE) + VLOOKUP(G14, Payer!A$2:R$7, P$3, FALSE) + VLOOKUP(H14, TxType!A$2:R$3, P$3, FALSE) + VLOOKUP('Patient Data'!I14, Duration!A$2:T$6, P$3+2, TRUE) )/(1+EXP( VLOOKUP(1, Intercepts!A$2:R$2, P$3, FALSE) + VLOOKUP(C14, Age!A$2:R$103, P$3, FALSE) + VLOOKUP(D14, Sex!A$2:R$4, P$3, FALSE) + VLOOKUP(E14, AdmitScore!A$2:R$103, P$3, FALSE) + VLOOKUP(F14, AdmitPain!A$2:R$13, P$3, FALSE) + VLOOKUP(G14, Payer!A$2:R$7, P$3, FALSE) + VLOOKUP(H14, TxType!A$2:R$3, P$3, FALSE) + VLOOKUP('Patient Data'!I14, Duration!A$2:T$6, P$3+2, TRUE) )) -> 0.87981291 | M14: =IF(L14>0.3,K14,1) -> 0 | O14: MSK4 Lower Extremity HOOSJr Score | P14: 10 | R14: MSK4.LowerExtremity.HOOSJr
B15: L | C15: 30 | D15: Male | E15: 60 | F15: 10 | G15: Commercial | H15: Conservative | I15: 400 | K15: 0 | L15: =EXP( VLOOKUP(1, Intercepts!A$2:R$2, P$3, FALSE) + VLOOKUP(C15, Age!A$13:R$103, P$3, FALSE) + VLOOKUP(D15, Sex!A$2:R$4, P$3, FALSE) + VLOOKUP(E15, AdmitScore!A$2:R$103, P$3, FALSE) + VLOOKUP(F15, AdmitPain!A$2:R$13, P$3, FALSE) + VLOOKUP(G15, Payer!A$2:R$7, P$3, FALSE) + VLOOKUP(H15, TxType!A$2:R$3, P$3, FALSE) + VLOOKUP('Patient Data'!I15, Duration!A$2:T$6, P$3+2, TRUE) )/(1+EXP( VLOOKUP(1, Intercepts!A$2:R$2, P$3, FALSE) + VLOOKUP(C15, Age!A$2:R$103, P$3, FALSE) + VLOOKUP(D15, Sex!A$2:R$4, P$3, FALSE) + VLOOKUP(E15, AdmitScore!A$3:R$103, P$3, FALSE) + VLOOKUP(F15, AdmitPain!A$2:R$13, P$3, FALSE) + VLOOKUP(G15, Payer!A$2:R$7, P$3, FALSE) + VLOOKUP(H15, TxType!A$2:R$3, P$3, FALSE) + VLOOKUP('Patient Data'!I15, Duration!A$2:T$6, P$3+2, TRUE) )) -> 0.82628853 | M15: =IF(L15>0.3,K15,1) -> 0 | O15: MSK5 Knee KOS Score: | P15: 11 | R15: MSK5.Knee.KOS
B16: M | C16: 35 | D16: Male | E16: 65 | F16: 0 | G16: Commercial | H16: Conservative | I16: Missing | K16: 1 | L16: =EXP( VLOOKUP(1, Intercepts!A$2:R$2, P$3, FALSE) + VLOOKUP(C16, Age!A$13:R$103, P$3, FALSE) + VLOOKUP(D16, Sex!A$2:R$4, P$3, FALSE) + VLOOKUP(E16, AdmitScore!A$2:R$103, P$3, FALSE) + VLOOKUP(F16, AdmitPain!A$2:R$13, P$3, FALSE) + VLOOKUP(G16, Payer!A$2:R$7, P$3, FALSE) + VLOOKUP(H16, TxType!A$2:R$3, P$3, FALSE) + VLOOKUP('Patient Data'!I16, Duration!A$2:T$6, P$3+2, TRUE) )/(1+EXP( VLOOKUP(1, Intercepts!A$2:R$2, P$3, FALSE) + VLOOKUP(C16, Age!A$2:R$103, P$3, FALSE) + VLOOKUP(D16, Sex!A$2:R$4, P$3, FALSE) + VLOOKUP(E16, AdmitScore!A$2:R$103, P$3, FALSE) + VLOOKUP(F16, AdmitPain!A$2:R$13, P$3, FALSE) + VLOOKUP(G16, Payer!A$2:R$7, P$3, FALSE) + VLOOKUP(H16, TxType!A$2:R$3, P$3, FALSE) + VLOOKUP('Patient Data'!I16, Duration!A$2:T$6, P$3+2, TRUE) )) -> 0.22859622 | M16: =IF(L16>0.3,K16,1) -> 1 | O16: MSK5 Knee PF Score: | P16: 12 | R16: MSK5.Knee.PF
B17: N | C17: 40 | D17: Male | E17: 70 | F17: 1 | G17: Medicare | H17: Conservative | I17: 5 | K17: 0 | L17: =EXP( VLOOKUP(1, Intercepts!A$2:R$2, P$3, FALSE) + VLOOKUP(C17, Age!A$13:R$103, P$3, FALSE) + VLOOKUP(D17, Sex!A$2:R$4, P$3, FALSE) + VLOOKUP(E17, AdmitScore!A$2:R$103, P$3, FALSE) + VLOOKUP(F17, AdmitPain!A$2:R$13, P$3, FALSE) + VLOOKUP(G17, Payer!A$2:R$7, P$3, FALSE) + VLOOKUP(H17, TxType!A$2:R$3, P$3, FALSE) + VLOOKUP('Patient Data'!I17, Duration!A$2:T$6, P$3+2, TRUE) )/(1+EXP( VLOOKUP(1, Intercepts!A$2:R$2, P$3, FALSE) + VLOOKUP(C17, Age!A$2:R$103, P$3, FALSE) + VLOOKUP(D17, Sex!A$2:R$4, P$3, FALSE) + VLOOKUP(E17, AdmitScore!A$3:R$103, P$3, FALSE) + VLOOKUP(F17, AdmitPain!A$2:R$13, P$3, FALSE) + VLOOKUP(G17, Payer!A$2:R$7, P$3, FALSE) + VLOOKUP(H17, TxType!A$2:R$3, P$3, FALSE) + VLOOKUP('Patient Data'!I17, Duration!A$2:T$6, P$3+2, TRUE) )) -> 0.27549957 | M17: =IF(L17>0.3,K17,1) -> 1 | O17: MSK5 Knee KOOSJr Score: | P17: 13 | R17: MSK5.Knee.KOOSJr
B18: O | C18: 45 | D18: Male | E18: 75 | F18: 2 | G18: Commercial | H18: Conservative | I18: 6 | K18: 0 | L18: =EXP( VLOOKUP(1, Intercepts!A$2:R$2, P$3, FALSE) + VLOOKUP(C18, Age!A$13:R$103, P$3, FALSE) + VLOOKUP(D18, Sex!A$2:R$4, P$3, FALSE) + VLOOKUP(E18, AdmitScore!A$2:R$103, P$3, FALSE) + VLOOKUP(F18, AdmitPain!A$2:R$13, P$3, FALSE) + VLOOKUP(G18, Payer!A$2:R$7, P$3, FALSE) + VLOOKUP(H18, TxType!A$2:R$3, P$3, FALSE) + VLOOKUP('Patient Data'!I18, Duration!A$2:T$6, P$3+2, TRUE) )/(1+EXP( VLOOKUP(1, Intercepts!A$2:R$2, P$3, FALSE) + VLOOKUP(C18, Age!A$2:R$103, P$3, FALSE) + VLOOKUP(D18, Sex!A$2:R$4, P$3, FALSE) + VLOOKUP(E18, AdmitScore!A$2:R$103, P$3, FALSE) + VLOOKUP(F18, AdmitPain!A$2:R$13, P$3, FALSE) + VLOOKUP(G18, Payer!A$2:R$7, P$3, FALSE) + VLOOKUP(H18, TxType!A$2:R$3, P$3, FALSE) + VLOOKUP('Patient Data'!I18, Duration!A$2:T$6, P$3+2, TRUE) )) -> 0.36144033 | M18: =IF(L18>0.3,K18,1) -> 0 | O18: MSK6 Neck NPRS Score: | P18: 14 | R18: MSK6.Neck.NPRS
B19: P | C19: 50 | D19: Male | E19: 80 | F19: 3 | G19: Commercial | H19: Conservative | I19: 7 | K19: 0 | L19: =EXP( VLOOKUP(1, Intercepts!A$2:R$2, P$3, FALSE) + VLOOKUP(C19, Age!A$13:R$103, P$3, FALSE) + VLOOKUP(D19, Sex!A$2:R$4, P$3, FALSE) + VLOOKUP(E19, AdmitScore!A$2:R$103, P$3, FALSE) + VLOOKUP(F19, AdmitPain!A$2:R$13, P$3, FALSE) + VLOOKUP(G19, Payer!A$2:R$7, P$3, FALSE) + VLOOKUP(H19, TxType!A$2:R$3, P$3, FALSE) + VLOOKUP('Patient Data'!I19, Duration!A$2:T$6, P$3+2, TRUE) )/(1+EXP( VLOOKUP(1, Intercepts!A$2:R$2, P$3, FALSE) + VLOOKUP(C19, Age!A$2:R$103, P$3, FALSE) + VLOOKUP(D19, Sex!A$2:R$4, P$3, FALSE) + VLOOKUP(E19, AdmitScore!A$2:R$103, P$3, FALSE) + VLOOKUP(F19, AdmitPain!A$2:R$13, P$3, FALSE) + VLOOKUP(G19, Payer!A$2:R$7, P$3, FALSE) + VLOOKUP(H19, TxType!A$2:R$3, P$3, FALSE) + VLOOKUP('Patient Data'!I19, Duration!A$2:T$6, P$3+2, TRUE) )) -> 0.43992357 | M19: =IF(L19>0.3,K19,1) -> 0 | O19: MSK7 Upper Extremity NPRS Score: | P19: 15 | R19: MSK7.UpperExtremity.NPRS
B20: Q | C20: 55 | D20: Female | E20: 85 | F20: 4 | G20: Commercial | H20: Conservative | I20: 8 | K20: 0 | L20: =EXP( VLOOKUP(1, Intercepts!A$2:R$2, P$3, FALSE) + VLOOKUP(C20, Age!A$13:R$103, P$3, FALSE) + VLOOKUP(D20, Sex!A$2:R$4, P$3, FALSE) + VLOOKUP(E20, AdmitScore!A$2:R$103, P$3, FALSE) + VLOOKUP(F20, AdmitPain!A$2:R$13, P$3, FALSE) + VLOOKUP(G20, Payer!A$2:R$7, P$3, FALSE) + VLOOKUP(H20, TxType!A$2:R$3, P$3, FALSE) + VLOOKUP('Patient Data'!I20, Duration!A$2:T$6, P$3+2, TRUE) )/(1+EXP( VLOOKUP(1, Intercepts!A$2:R$2, P$3, FALSE) + VLOOKUP(C20, Age!A$2:R$103, P$3, FALSE) + VLOOKUP(D20, Sex!A$2:R$4, P$3, FALSE) + VLOOKUP(E20, AdmitScore!A$3:R$103, P$3, FALSE) + VLOOKUP(F20, AdmitPain!A$2:R$13, P$3, FALSE) + VLOOKUP(G20, Payer!A$2:R$7, P$3, FALSE) + VLOOKUP(H20, TxType!A$2:R$3, P$3, FALSE) + VLOOKUP('Patient Data'!I20, Duration!A$2:T$6, P$3+2, TRUE) )) -> 0.50976203 | M20: =IF(L20>0.3,K20,1) -> 0 | O20: MSK8 Back NPRS Score: | P20: 16 | R20: MSK8.Back.NPRS
B21: R | C21: 60 | D21: Male | E21: 90 | F21: 5 | G21: Commercial | H21: Surgical | I21: 9 | K21: 0 | L21: =EXP( VLOOKUP(1, Intercepts!A$2:R$2, P$3, FALSE) + VLOOKUP(C21, Age!A$13:R$103, P$3, FALSE) + VLOOKUP(D21, Sex!A$2:R$4, P$3, FALSE) + VLOOKUP(E21, AdmitScore!A$2:R$103, P$3, FALSE) + VLOOKUP(F21, AdmitPain!A$2:R$13, P$3, FALSE) + VLOOKUP(G21, Payer!A$2:R$7, P$3, FALSE) + VLOOKUP(H21, TxType!A$2:R$3, P$3, FALSE) + VLOOKUP('Patient Data'!I21, Duration!A$2:T$6, P$3+2, TRUE) )/(1+EXP( VLOOKUP(1, Intercepts!A$2:R$2, P$3, FALSE) + VLOOKUP(C21, Age!A$2:R$103, P$3, FALSE) + VLOOKUP(D21, Sex!A$2:R$4, P$3, FALSE) + VLOOKUP(E21, AdmitScore!A$2:R$103, P$3, FALSE) + VLOOKUP(F21, AdmitPain!A$2:R$13, P$3, FALSE) + VLOOKUP(G21, Payer!A$2:R$7, P$3, FALSE) + VLOOKUP(H21, TxType!A$2:R$3, P$3, FALSE) + VLOOKUP('Patient Data'!I21, Duration!A$2:T$6, P$3+2, TRUE) )) -> 0.40487438 | M21: =IF(L21>0.3,K21,1) -> 0 | O21: MSK9 Lower Extremity NPRS Score: | P21: 17 | R21: MSK9.LowerExtremity.NPRS
B22: S | C22: 65 | D22: Male | E22: 95 | F22: 6 | G22: Medicaid | H22: Surgical | I22: 10 | K22: 1 | L22: =EXP( VLOOKUP(1, Intercepts!A$2:R$2, P$3, FALSE) + VLOOKUP(C22, Age!A$13:R$103, P$3, FALSE) + VLOOKUP(D22, Sex!A$2:R$4, P$3, FALSE) + VLOOKUP(E22, AdmitScore!A$2:R$103, P$3, FALSE) + VLOOKUP(F22, AdmitPain!A$2:R$13, P$3, FALSE) + VLOOKUP(G22, Payer!A$2:R$7, P$3, FALSE) + VLOOKUP(H22, TxType!A$2:R$3, P$3, FALSE) + VLOOKUP('Patient Data'!I22, Duration!A$2:T$6, P$3+2, TRUE) )/(1+EXP( VLOOKUP(1, Intercepts!A$2:R$2, P$3, FALSE) + VLOOKUP(C22, Age!A$2:R$103, P$3, FALSE) + VLOOKUP(D22, Sex!A$2:R$4, P$3, FALSE) + VLOOKUP(E22, AdmitScore!A$2:R$103, P$3, FALSE) + VLOOKUP(F22, AdmitPain!A$2:R$13, P$3, FALSE) + VLOOKUP(G22, Payer!A$2:R$7, P$3, FALSE) + VLOOKUP(H22, TxType!A$2:R$3, P$3, FALSE) + VLOOKUP('Patient Data'!I22, Duration!A$2:T$6, P$3+2, TRUE) )) -> 0.31533291 | M22: =IF(L22>0.3,K22,1) -> 1 | O22: MSK10 Knee NPRS Score: | P22: 18 | R22: MSK10.Knee.NPRS
B23: T | C23: 70 | D23: Male | E23: 41 | F23: 7 | G23: Commercial | H23: Surgical | I23: 11 | K23: 0 | L23: =EXP( VLOOKUP(1, Intercepts!A$2:R$2, P$3, FALSE) + VLOOKUP(C23, Age!A$13:R$103, P$3, FALSE) + VLOOKUP(D23, Sex!A$2:R$4, P$3, FALSE) + VLOOKUP(E23, AdmitScore!A$2:R$103, P$3, FALSE) + VLOOKUP(F23, AdmitPain!A$2:R$13, P$3, FALSE) + VLOOKUP(G23, Payer!A$2:R$7, P$3, FALSE) + VLOOKUP(H23, TxType!A$2:R$3, P$3, FALSE) + VLOOKUP('Patient Data'!I23, Duration!A$2:T$6, P$3+2, TRUE) )/(1+EXP( VLOOKUP(1, Intercepts!A$2:R$2, P$3, FALSE) + VLOOKUP(C23, Age!A$2:R$103, P$3, FALSE) + VLOOKUP(D23, Sex!A$2:R$4, P$3, FALSE) + VLOOKUP(E23, AdmitScore!A$2:R$103, P$3, FALSE) + VLOOKUP(F23, AdmitPain!A$2:R$13, P$3, FALSE) + VLOOKUP(G23, Payer!A$2:R$7, P$3, FALSE) + VLOOKUP(H23, TxType!A$2:R$3, P$3, FALSE) + VLOOKUP('Patient Data'!I23, Duration!A$2:T$6, P$3+2, TRUE) )) -> 0.56990443 | M23: =IF(L23>0.3,K23,1) -> 0
B24: U | C24: 75 | D24: Male | E24: 42 | F24: 8 | G24: Commercial | H24: Surgical | I24: 14 | K24: 0 | L24: =EXP( VLOOKUP(1, Intercepts!A$2:R$2, P$3, FALSE) + VLOOKUP(C24, Age!A$13:R$103, P$3, FALSE) + VLOOKUP(D24, Sex!A$2:R$4, P$3, FALSE) + VLOOKUP(E24, AdmitScore!A$2:R$103, P$3, FALSE) + VLOOKUP(F24, AdmitPain!A$2:R$13, P$3, FALSE) + VLOOKUP(G24, Payer!A$2:R$7, P$3, FALSE) + VLOOKUP(H24, TxType!A$2:R$3, P$3, FALSE) + VLOOKUP('Patient Data'!I24, Duration!A$2:T$6, P$3+2, TRUE) )/(1+EXP( VLOOKUP(1, Intercepts!A$2:R$2, P$3, FALSE) + VLOOKUP(C24, Age!A$2:R$103, P$3, FALSE) + VLOOKUP(D24, Sex!A$2:R$4, P$3, FALSE) + VLOOKUP(E24, AdmitScore!A$2:R$103, P$3, FALSE) + VLOOKUP(F24, AdmitPain!A$2:R$13, P$3, FALSE) + VLOOKUP(G24, Payer!A$2:R$7, P$3, FALSE) + VLOOKUP(H24, TxType!A$2:R$3, P$3, FALSE) + VLOOKUP('Patient Data'!I24, Duration!A$2:T$6, P$3+2, TRUE) )) -> 0.64940241 | M24: =IF(L24>0.3,K24,1) -> 0
B25: V | C25: 46 | D25: Male | E25: 43 | F25: 9 | G25: Commercial | H25: Surgical | I25: 13 | K25: 0 | L25: =EXP( VLOOKUP(1, Intercepts!A$2:R$2, P$3, FALSE) + VLOOKUP(C25, Age!A$13:R$103, P$3, FALSE) + VLOOKUP(D25, Sex!A$2:R$4, P$3, FALSE) + VLOOKUP(E25, AdmitScore!A$2:R$103, P$3, FALSE) + VLOOKUP(F25, AdmitPain!A$2:R$13, P$3, FALSE) + VLOOKUP(G25, Payer!A$2:R$7, P$3, FALSE) + VLOOKUP(H25, TxType!A$2:R$3, P$3, FALSE) + VLOOKUP('Patient Data'!I25, Duration!A$2:T$6, P$3+2, TRUE) )/(1+EXP( VLOOKUP(1, Intercepts!A$2:R$2, P$3, FALSE) + VLOOKUP(C25, Age!A$2:R$103, P$3, FALSE) + VLOOKUP(D25, Sex!A$2:R$4, P$3, FALSE) + VLOOKUP(E25, AdmitScore!A$2:R$103, P$3, FALSE) + VLOOKUP(F25, AdmitPain!A$2:R$13, P$3, FALSE) + VLOOKUP(G25, Payer!A$2:R$7, P$3, FALSE) + VLOOKUP(H25, TxType!A$2:R$3, P$3, FALSE) + VLOOKUP('Patient Data'!I25, Duration!A$2:T$6, P$3+2, TRUE) )) -> 0.74334668 | M25: =IF(L25>0.3,K25,1) -> 0
B26: W | C26: 47 | D26: Male | E26: 44 | F26: 10 | G26: Commercial | H26: Surgical | I26: 14 | K26: 0 | L26: =EXP( VLOOKUP(1, Intercepts!A$2:R$2, P$3, FALSE) + VLOOKUP(C26, Age!A$13:R$103, P$3, FALSE) + VLOOKUP(D26, Sex!A$2:R$4, P$3, FALSE) + VLOOKUP(E26, AdmitScore!A$2:R$103, P$3, FALSE) + VLOOKUP(F26, AdmitPain!A$2:R$13, P$3, FALSE) + VLOOKUP(G26, Payer!A$2:R$7, P$3, FALSE) + VLOOKUP(H26, TxType!A$2:R$3, P$3, FALSE) + VLOOKUP('Patient Data'!I26, Duration!A$2:T$6, P$3+2, TRUE) )/(1+EXP( VLOOKUP(1, Intercepts!A$2:R$2, P$3, FALSE) + VLOOKUP(C26, Age!A$2:R$103, P$3, FALSE) + VLOOKUP(D26, Sex!A$2:R$4, P$3, FALSE) + VLOOKUP(E26, AdmitScore!A$2:R$103, P$3, FALSE) + VLOOKUP(F26, AdmitPain!A$2:R$13, P$3, FALSE) + VLOOKUP(G26, Payer!A$2:R$7, P$3, FALSE) + VLOOKUP(H26, TxType!A$2:R$3, P$3, FALSE) + VLOOKUP('Patient Data'!I26, Duration!A$2:T$6, P$3+2, TRUE) )) -> 0.80343903 | M26: =IF(L26>0.3,K26,1) -> 0
B27: X | C27: 48 | D27: Female | E27: 45 | F27: 3 | G27: Commercial | H27: Surgical | I27: 15 | K27: 1 | L27: =EXP( VLOOKUP(1, Intercepts!A$2:R$2, P$3, FALSE) + VLOOKUP(C27, Age!A$13:R$103, P$3, FALSE) + VLOOKUP(D27, Sex!A$2:R$4, P$3, FALSE) + VLOOKUP(E27, AdmitScore!A$2:R$103, P$3, FALSE) + VLOOKUP(F27, AdmitPain!A$2:R$13, P$3, FALSE) + VLOOKUP(G27, Payer!A$2:R$7, P$3, FALSE) + VLOOKUP(H27, TxType!A$2:R$3, P$3, FALSE) + VLOOKUP('Patient Data'!I27, Duration!A$2:T$6, P$3+2, TRUE) )/(1+EXP( VLOOKUP(1, Intercepts!A$2:R$2, P$3, FALSE) + VLOOKUP(C27, Age!A$2:R$103, P$3, FALSE) + VLOOKUP(D27, Sex!A$2:R$4, P$3, FALSE) + VLOOKUP(E27, AdmitScore!A$2:R$103, P$3, FALSE) + VLOOKUP(F27, AdmitPain!A$2:R$13, P$3, FALSE) + VLOOKUP(G27, Payer!A$2:R$7, P$3, FALSE) + VLOOKUP(H27, TxType!A$2:R$3, P$3, FALSE) + VLOOKUP('Patient Data'!I27, Duration!A$2:T$6, P$3+2, TRUE) )) -> 0.25215882 | M27: =IF(L27>0.3,K27,1) -> 1
B28: Y | C28: 49 | D28: Male | E28: 46 | F28: 8 | G28: Commercial | H28: Surgical | I28: 25 | K28: 0 | L28: =EXP( VLOOKUP(1, Intercepts!A$2:R$2, P$3, FALSE) + VLOOKUP(C28, Age!A$13:R$103, P$3, FALSE) + VLOOKUP(D28, Sex!A$2:R$4, P$3, FALSE) + VLOOKUP(E28, AdmitScore!A$2:R$103, P$3, FALSE) + VLOOKUP(F28, AdmitPain!A$2:R$13, P$3, FALSE) + VLOOKUP(G28, Payer!A$2:R$7, P$3, FALSE) + VLOOKUP(H28, TxType!A$2:R$3, P$3, FALSE) + VLOOKUP('Patient Data'!I28, Duration!A$2:T$6, P$3+2, TRUE) )/(1+EXP( VLOOKUP(1, Intercepts!A$2:R$2, P$3, FALSE) + VLOOKUP(C28, Age!A$2:R$103, P$3, FALSE) + VLOOKUP(D28, Sex!A$2:R$4, P$3, FALSE) + VLOOKUP(E28, AdmitScore!A$2:R$103, P$3, FALSE) + VLOOKUP(F28, AdmitPain!A$2:R$13, P$3, FALSE) + VLOOKUP(G28, Payer!A$2:R$7, P$3, FALSE) + VLOOKUP(H28, TxType!A$2:R$3, P$3, FALSE) + VLOOKUP('Patient Data'!I28, Duration!A$2:T$6, P$3+2, TRUE) )) -> 0.66861568 | M28: =IF(L28>0.3,K28,1) -> 0
K33: Unadjusted (raw) Provider-Level Performance Rate | M33: Adjusted Provider-Level Performance Rate
K34: =AVERAGE(K4:K28) -> 0.24 | M34: =AVERAGE(M4:M28) -> 0.44

Sheet Intercepts
A1: id | B1: MSK1.Neck.NDI | C1: MSK1.Neck.PI | D1: MSK2.UpperExtremity.QDASH | E1: MSK2.UpperExtremity.UE | F1: MSK3.Back.MDQ | G1: MSK3.Back.PI | H1: MSK4.LowerExtremity.LEFS | I1: MSK4.LowerExtremity.PF | J1: MSK4.LowerExtremity.HOOSJr | K1: MSK5.Knee.KOS | L1: MSK5.Knee.PF | M1: MSK5.Knee.KOOSJr | N1: MSK6.Neck.NPRS | O1: MSK7.UpperExtremity.NPRS | P1: MSK8.Back.NPRS | Q1: MSK9.LowerExtremity.NPRS | R1: MSK10.Knee.NPRS
A2: 1 | B2: 0.99329708 | C2: -3.9246733 | D2: 0.98546511 | E2: 5.0575365 | F2: 1.2666834 | G2: -3.3426159 | H2: 5.2781848 | I2: 6.6121816 | J2: 4.8635521 | K2: 3.5928541 | L2: 7.1522222 | M2: 6.6175802 | N2: -1.1824156 | O2: -0.87098636 | P2: -0.55112084 | Q2: -0.95238362 | R2: -0.80982207

Sheet Age
A1: Age.num | B1: MSK1.Neck.NDI | C1: MSK1.Neck.PI | D1: MSK2.UpperExtremity.QDASH | E1: MSK2.UpperExtremity.UE | F1: MSK3.Back.MDQ | G1: MSK3.Back.PI | H1: MSK4.LowerExtremity.LEFS | I1: MSK4.LowerExtremity.PF | J1: MSK4.LowerExtremity.HOOSJr | K1: MSK5.Knee.KOS | L1: MSK5.Knee.PF | M1: MSK5.Knee.KOOSJr | N1: MSK6.Neck.NPRS | O1: MSK7.UpperExtremity.NPRS | P1: MSK8.Back.NPRS | Q1: MSK9.LowerExtremity.NPRS | R1: MSK10.Knee.NPRS
A2: Missing | B2: 0 | C2: 0 | D2: 0 | E2: 0 | F2: 0 | G2: 0 | H2: 0 | I2: 0 | J2: 0 | K2: 0 | L2: 0 | M2: 0 | N2: 0 | O2: 0 | P2: 0 | Q2: 0 | R2: 0
A3: 0 | B3: 0 | C3: 0 | D3: 0 | E3: 0 | F3: 0 | G3: 0 | H3: 0 | I3: 0 | J3: 0 | K3: 0 | L3: 0 | M3: 0 | N3: 0 | O3: 0 | P3: 0 | Q3: 0 | R3: 0
A4: 1 | B4: 0 | C4: 0 | D4: 0 | E4: 0 | F4: 0 | G4: 0 | H4: 0 | I4: 0 | J4: 0 | K4: 0 | L4: 0 | M4: 0 | N4: 0 | O4: 0 | P4: 0 | Q4: 0 | R4: 0
A5: 2 | B5: 0 | C5: 0 | D5: 0 | E5: 0 | F5: 0 | G5: 0 | H5: 0 | I5: 0 | J5: 0 | K5: 0 | L5: 0 | M5: 0 | N5: 0 | O5: 0 | P5: 0 | Q5: 0 | R5: 0
A6: 3 | B6: 0 | C6: 0 | D6: 0 | E6: 0 | F6: 0 | G6: 0 | H6: 0 | I6: 0 | J6: 0 | K6: 0 | L6: 0 | M6: 0 | N6: 0 | O6: 0 | P6: 0 | Q6: 0 | R6: 0
A7: 4 | B7: 0 | C7: 0 | D7: 0 | E7: 0 | F7: 0 | G7: 0 | H7: 0 | I7: 0 | J7: 0 | K7: 0 | L7: 0 | M7: 0 | N7: 0 | O7: 0 | P7: 0 | Q7: 0 | R7: 0
A8: 5 | B8: 0 | C8: 0 | D8: 0 | E8: 0 | F8: 0 | G8: 0 | H8: 0 | I8: 0 | J8: 0 | K8: 0 | L8: 0 | M8: 0 | N8: 0 | O8: 0 | P8: 0 | Q8: 0 | R8: 0
A9: 6 | B9: 0 | C9: 0 | D9: 0 | E9: 0 | F9: 0 | G9: 0 | H9: 0 | I9: 0 | J9: 0 | K9: 0 | L9: 0 | M9: 0 | N9: 0 | O9: 0 | P9: 0 | Q9: 0 | R9: 0
A10: 7 | B10: 0 | C10: 0 | D10: 0 | E10: 0 | F10: 0 | G10: 0 | H10: 0 | I10: 0 | J10: 0 | K10: 0 | L10: 0 | M10: 0 | N10: 0 | O10: 0 | P10: 0 | Q10: 0 | R10: 0
A11: 8 | B11: 0 | C11: 0 | D11: 0 | E11: 0 | F11: 0 | G11: 0 | H11: 0 | I11: 0 | J11: 0 | K11: 0 | L11: 0 | M11: 0 | N11: 0 | O11: 0 | P11: 0 | Q11: 0 | R11: 0
A12: 9 | B12: 0 | C12: 0 | D12: 0 | E12: 0 | F12: 0 | G12: 0 | H12: 0 | I12: 0 | J12: 0 | K12: 0 | L12: 0 | M12: 0 | N12: 0 | O12: 0 | P12: 0 | Q12: 0 | R12: 0
A13: 10 | B13: -0.71395096 | C13: -0.58465156 | D13: -0.799038 | E13: -0.80751764 | F13: -0.72895233 | G13: -0.85900508 | H13: -1.4331268 | I13: -1.5228833 | J13: -0.23209143 | K13: 0 | L13: -1.343101 | M13: -1.0013656 | N13: -0.14583355 | O13: -0.37946337 | P13: -0.46259207 | Q13: -0.35647541 | R13: -0.52898968
A14: 11 | B14: =LOG10($A14)*B$13 -> -0.74350331 | C14: =LOG10($A14)*C$13 -> -0.60885186 | D14: =LOG10($A14)*D$13 -> -0.83211233 | E14: =LOG10($A14)*E$13 -> -0.84094296 | F14: =LOG10($A14)*F$13 -> -0.75912563 | G14: =LOG10($A14)*G$13 -> -0.8945616 | H14: =LOG10($A14)*H$13 -> -1.4924478 | I14: =LOG10($A14)*I$13 -> -1.5859196 | ... R14: =LOG10($A14)*R$13 -> -0.55088598
A15: 12 | B15: =LOG10($A15)*B$13 -> -0.77048249 | C15: =LOG10($A15)*C$13 -> -0.630945 | D15: =LOG10($A15)*D$13 -> -0.86230682 | E15: =LOG10($A15)*E$13 -> -0.87145789 | F15: =LOG10($A15)*F$13 -> -0.78667169 | G15: =LOG10($A15)*G$13 -> -0.92702217 | H15: =LOG10($A15)*H$13 -> -1.5466036 | I15: =LOG10($A15)*I$13 -> -1.6434671 | ... R15: =LOG10($A15)*R$13 -> -0.57087574
A16: 13 | B16: =LOG10($A16)*B$13 -> -0.79530093 | C16: =LOG10($A16)*C$13 -> -0.65126872 | D16: =LOG10($A16)*D$13 -> -0.89008306 | E16: =LOG10($A16)*E$13 -> -0.8995289 | F16: =LOG10($A16)*F$13 -> -0.8120116 | G16: =LOG10($A16)*G$13 -> -0.95688299 | H16: =LOG10($A16)*H$13 -> -1.5964221 | I16: =LOG10($A16)*I$13 -> -1.6964058 | ... R16: =LOG10($A16)*R$13 -> -0.58926453
A17: 14 | B17: =LOG10($A17)*B$13 -> -0.81827921 | C17: =LOG10($A17)*C$13 -> -0.67008555 | D17: =LOG10($A17)*D$13 -> -0.91579985 | E17: =LOG10($A17)*E$13 -> -0.9255186 | F17: =LOG10($A17)*F$13 -> -0.8354727 | G17: =LOG10($A17)*G$13 -> -0.9845298 | H17: =LOG10($A17)*H$13 -> -1.6425468 | I17: =LOG10($A17)*I$13 -> -1.7454193 | ... R17: =LOG10($A17)*R$13 -> -0.6062899
A18: 15 | B18: =LOG10($A18)*B$13 -> -0.83967148 | C18: =LOG10($A18)*C$13 -> -0.68760359 | D18: =LOG10($A18)*D$13 -> -0.9397416 | E18: =LOG10($A18)*E$13 -> -0.94971443 | F18: =LOG10($A18)*F$13 -> -0.85731446 | G18: =LOG10($A18)*G$13 -> -1.0102684 | H18: =LOG10($A18)*H$13 -> -1.6854879 | I18: =LOG10($A18)*I$13 -> -1.7910498 | ... R18: =LOG10($A18)*R$13 -> -0.62214013
A19: 16 | B19: =LOG10($A19)*B$13 -> -0.85968262 | C19: =LOG10($A19)*C$13 -> -0.70399063 | D19: =LOG10($A19)*D$13 -> -0.96213762 | E19: =LOG10($A19)*E$13 -> -0.97234812 | F19: =LOG10($A19)*F$13 -> -0.87774607 | G19: =LOG10($A19)*G$13 -> -1.0343452 | H19: =LOG10($A19)*H$13 -> -1.7256567 | I19: =LOG10($A19)*I$13 -> -1.8337343 | ... R19: =LOG10($A19)*R$13 -> -0.63696704
A20: 17 | B20: =LOG10($A20)*B$13 -> -0.87848019 | C20: =LOG10($A20)*C$13 -> -0.71938389 | D20: =LOG10($A20)*D$13 -> -0.98317544 | E20: =LOG10($A20)*E$13 -> -0.9936092 | F20: =LOG10($A20)*F$13 -> -0.89693861 | G20: =LOG10($A20)*G$13 -> -1.0569619 | H20: =LOG10($A20)*H$13 -> -1.7633894 | I20: =LOG10($A20)*I$13 -> -1.8738302 | ... R20: =LOG10($A20)*R$13 -> -0.65089478
A21: 18 | B21: =LOG10($A21)*B$13 -> -0.89620301 | C21: =LOG10($A21)*C$13 -> -0.73389703 | D21: =LOG10($A21)*D$13 -> -1.0030104 | E21: =LOG10($A21)*E$13 -> -1.0136547 | F21: =LOG10($A21)*F$13 -> -0.91503382 | G21: =LOG10($A21)*G$13 -> -1.0782855 | H21: =LOG10($A21)*H$13 -> -1.7989647 | I21: =LOG10($A21)*I$13 -> -1.9116336 | ... R21: =LOG10($A21)*R$13 -> -0.6640262
A22: 19 | B22: =LOG10($A22)*B$13 -> -0.91296736 | C22: =LOG10($A22)*C$13 -> -0.74762529 | D22: =LOG10($A22)*D$13 -> -1.0217727 | E22: =LOG10($A22)*E$13 -> -1.0326161 | F22: =LOG10($A22)*F$13 -> -0.93215042 | G22: =LOG10($A22)*G$13 -> -1.0984558 | H22: =LOG10($A22)*H$13 -> -1.8326161 | I22: =LOG10($A22)*I$13 -> -1.9473926 | ... R22: =LOG10($A22)*R$13 -> -0.67644745
A23: 20 | B23: =LOG10($A23)*B$13 -> -0.92887161 | C23: =LOG10($A23)*C$13 -> -0.76064922 | D23: =LOG10($A23)*D$13 -> -1.0395724 | E23: =LOG10($A23)*E$13 -> -1.0506047 | F23: =LOG10($A23)*F$13 -> -0.94838885 | G23: =LOG10($A23)*G$13 -> -1.1175914 | H23: =LOG10($A23)*H$13 -> -1.864541 | I23: =LOG10($A23)*I$13 -> -1.9813169 | ... R23: =LOG10($A23)*R$13 -> -0.68823144
A24: 21 | B24: =LOG10($A24)*B$13 -> -0.94399974 | C24: =LOG10($A24)*C$13 -> -0.77303758 | D24: =LOG10($A24)*D$13 -> -1.0565035 | E24: =LOG10($A24)*E$13 -> -1.0677154 | F24: =LOG10($A24)*F$13 -> -0.96383484 | G24: =LOG10($A24)*G$13 -> -1.1357931 | H24: =LOG10($A24)*H$13 -> -1.894908 | I24: =LOG10($A24)*I$13 -> -2.0135857 | ... R24: =LOG10($A24)*R$13 -> -0.69944036
A25: 22 | B25: =LOG10($A25)*B$13 -> -0.95842396 | C25: =LOG10($A25)*C$13 -> -0.78484952 | D25: =LOG10($A25)*D$13 -> -1.0726467 | E25: =LOG10($A25)*E$13 -> -1.08403 | F25: =LOG10($A25)*F$13 -> -0.97856214 | G25: =LOG10($A25)*G$13 -> -1.1531479 | H25: =LOG10($A25)*H$13 -> -1.923862 | I25: =LOG10($A25)*I$13 -> -2.0443531 | ... R25: =LOG10($A25)*R$13 -> -0.71012774
... A103: 100 | B103: =LOG10($A103)*B$13 -> -1.4279019 | C103: =LOG10($A103)*C$13 -> -1.1693031 | D103: =LOG10($A103)*D$13 -> -1.598076 | E103: =LOG10($A103)*E$13 -> -1.6150353 | F103: =LOG10($A103)*F$13 -> -1.4579047 | G103: =LOG10($A103)*G$13 -> -1.7180102 | H103: =LOG10($A103)*H$13 -> -2.8662537 | I103: =LOG10($A103)*I$13 -> -3.0457667 | ... R103: =LOG10($A103)*R$13 -> -1.0579794

Sheet Sex
A1: GENDER_DSC | B1: MSK1.Neck.NDI | C1: MSK1.Neck.PI | D1: MSK2.UpperExtremity.QDASH | E1: MSK2.UpperExtremity.UE | F1: MSK3.Back.MDQ | G1: MSK3.Back.PI | H1: MSK4.LowerExtremity.LEFS | I1: MSK4.LowerExtremity.PF | J1: MSK4.LowerExtremity.HOOSJr | K1: MSK5.Knee.KOS | L1: MSK5.Knee.PF | M1: MSK5.Knee.KOOSJr | N1: MSK6.Neck.NPRS | O1: MSK7.UpperExtremity.NPRS | P1: MSK8.Back.NPRS | Q1: MSK9.LowerExtremity.NPRS | R1: MSK10.Knee.NPRS
A2: Female | B2: 0 | C2: 0 | D2: 0 | E2: 0 | F2: 0 | G2: 0 | H2: 0 | I2: 0 | J2: 0 | K2: 0 | L2: 0 | M2: 0 | N2: 0 | O2: 0 | P2: 0 | Q2: 0 | R2: 0
A3: Male | B3: -0.060209742 | C3: 0 | D3: 0 | E3: 0.20552111 | F3: 0 | G3: 0 | H3: 0 | I3: 0.11701107 | J3: 0.065907714 | K3: 0 | L3: 0.19613134 | M3: 0.087309139 | N3: 0 | O3: 0 | P3: 0.049139724 | Q3: 0.046124567 | R3: 0.061180988
A4: Missing/Inter/PNA | B4: 0 | C4: 0.64613779 | D4: 0 | E4: 0.60452873 | F4: 0 | G4: 0.60041095 | H4: 0 | I4: 0.57493227 | J4: 0 | K4: 0 | L4: 0.65553173 | M4: 0 | N4: 0.46631856 | O4: 0.34743653 | P4: 0.50901527 | Q4: 0.38360818 | R4: 0.40312994
A5: Missing | B5: 0 | C5: 0.64613779 | D5: 0 | E5: 0.60452873 | F5: 0 | G5: 0.60041095 | H5: 0 | I5: 0.57493227 | J5: 0 | K5: 0 | L5: 0.65553173 | M5: 0 | N5: 0.46631856 | O5: 0.34743653 | P5: 0.50901527 | Q5: 0.38360818 | R5: 0.40312994

Sheet AdmitScore
A1: ADMIT_SCORE_NO | B1: MSK1.Neck.NDI | C1: MSK1.Neck.PI | D1: MSK2.UpperExtremity.QDASH | E1: MSK2.UpperExtremity.UE | F1: MSK3.Back.MDQ | G1: MSK3.Back.PI | H1: MSK4.LowerExtremity.LEFS | I1: MSK4.LowerExtremity.PF | J1: MSK4.LowerExtremity.HOOSJr | K1: MSK5.Knee.KOS | L1: MSK5.Knee.PF | M1: MSK5.Knee.KOOSJr | N1: MSK6.Neck.NPRS | O1: MSK7.UpperExtremity.NPRS | P1: MSK8.Back.NPRS | Q1: MSK9.LowerExtremity.NPRS | R1: MSK10.Knee.NPRS
A2: Missing | B2: 0 | C2: 0 | D2: 0 | E2: 0 | F2: 0 | G2: 0 | H2: 0 | I2: 0 | J2: 0 | K2: 0 | L2: 0 | M2: 0 | N2: 0 | O2: 0 | P2: 0 | Q2: 0 | R2: 0
A3: 0 | B3: 0 | C3: 0 | D3: 0 | E3: 0 | F3: 0 | G3: 0 | H3: 0 | I3: 0 | J3: 0 | K3: 0 | L3: 0 | M3: 0 | N3: 0 | O3: 0 | P3: 0 | Q3: 0 | R3: 0
A4: 1 | B4: 0.035448149 | C4: 0.099381756 | D4: 0.039725054 | E4: -0.076522668 | F4: 0.03214922 | G4: 0.096861944 | H4: -0.041859642 | I4: -0.073950406 | J4: -0.06121387 | K4: -0.050305644 | L4: -0.095939319 | M4: -0.066388869 | N4: 0 | O4: 0 | P4: 0 | Q4: 0 | R4: 0
A5: 2 | B5: =B$4*$A5 -> 0.070896297 | C5: =C$4*$A5 -> 0.19876351 | D5: =D$4*$A5 -> 0.079450109 | E5: =E$4*$A5 -> -0.15304534 | F5: =F$4*$A5 -> 0.064298439 | G5: =G$4*$A5 -> 0.19372389 | H5: =H$4*$A5 -> -0.083719283 | I5: =I$4*$A5 -> -0.14790081 | ... R5: =R$4*$A5 -> 0
A6: 3 | B6: =B$4*$A6 -> 0.10634445 | C6: =C$4*$A6 -> 0.29814527 | D6: =D$4*$A6 -> 0.11917516 | E6: =E$4*$A6 -> -0.229568 | F6: =F$4*$A6 -> 0.096447659 | G6: =G$4*$A6 -> 0.29058583 | H6: =H$4*$A6 -> -0.12557892 | I6: =I$4*$A6 -> -0.22185122 | ... R6: =R$4*$A6 -> 0
A7: 4 | B7: =B$4*$A7 -> 0.14179259 | C7: =C$4*$A7 -> 0.39752702 | D7: =D$4*$A7 -> 0.15890022 | E7: =E$4*$A7 -> -0.30609067 | F7: =F$4*$A7 -> 0.12859688 | G7: =G$4*$A7 -> 0.38744778 | H7: =H$4*$A7 -> -0.16743857 | I7: =I$4*$A7 -> -0.29580163 | ... R7: =R$4*$A7 -> 0
A8: 5 | B8: =B$4*$A8 -> 0.17724074 | C8: =C$4*$A8 -> 0.49690878 | D8: =D$4*$A8 -> 0.19862527 | E8: =E$4*$A8 -> -0.38261334 | F8: =F$4*$A8 -> 0.1607461 | G8: =G$4*$A8 -> 0.48430972 | H8: =H$4*$A8 -> -0.20929821 | I8: =I$4*$A8 -> -0.36975203 | ... R8: =R$4*$A8 -> 0
A9: 6 | B9: =B$4*$A9 -> 0.21268889 | C9: =C$4*$A9 -> 0.59629054 | D9: =D$4*$A9 -> 0.23835033 | E9: =E$4*$A9 -> -0.45913601 | F9: =F$4*$A9 -> 0.19289532 | G9: =G$4*$A9 -> 0.58117166 | H9: =H$4*$A9 -> -0.25115785 | I9: =I$4*$A9 -> -0.44370244 | ... R9: =R$4*$A9 -> 0
A10: 7 | B10: =B$4*$A10 -> 0.24813704 | C10: =C$4*$A10 -> 0.69567229 | D10: =D$4*$A10 -> 0.27807538 | E10: =E$4*$A10 -> -0.53565867 | F10: =F$4*$A10 -> 0.22504454 | G10: =G$4*$A10 -> 0.67803361 | H10: =H$4*$A10 -> -0.29301749 | I10: =I$4*$A10 -> -0.51765284 | ... R10: =R$4*$A10 -> 0
A11: 8 | B11: =B$4*$A11 -> 0.28358519 | C11: =C$4*$A11 -> 0.79505405 | D11: =D$4*$A11 -> 0.31780043 | E11: =E$4*$A11 -> -0.61218134 | F11: =F$4*$A11 -> 0.25719376 | G11: =G$4*$A11 -> 0.77489555 | H11: =H$4*$A11 -> -0.33487713 | I11: =I$4*$A11 -> -0.59160325 | ... R11: =R$4*$A11 -> 0
A12: 9 | B12: =B$4*$A12 -> 0.31903334 | C12: =C$4*$A12 -> 0.89443581 | D12: =D$4*$A12 -> 0.35752549 | E12: =E$4*$A12 -> -0.68870401 | F12: =F$4*$A12 -> 0.28934298 | G12: =G$4*$A12 -> 0.8717575 | H12: =H$4*$A12 -> -0.37673677 | I12: =I$4*$A12 -> -0.66555366 | ... R12: =R$4*$A12 -> 0
A13: 10 | B13: =B$4*$A13 -> 0.35448149 | C13: =C$4*$A13 -> 0.99381756 | D13: =D$4*$A13 -> 0.39725054 | E13: =E$4*$A13 -> -0.76522668 | F13: =F$4*$A13 -> 0.3214922 | G13: =G$4*$A13 -> 0.96861944 | H13: =H$4*$A13 -> -0.41859642 | I13: =I$4*$A13 -> -0.73950406 | ... R13: =R$4*$A13 -> 0
A14: 11 | B14: =B$4*$A14 -> 0.38992964 | C14: =C$4*$A14 -> 1.0931993 | D14: =D$4*$A14 -> 0.4369756 | E14: =E$4*$A14 -> -0.84174935 | F14: =F$4*$A14 -> 0.35364141 | G14: =G$4*$A14 -> 1.0654814 | H14: =H$4*$A14 -> -0.46045606 | I14: =I$4*$A14 -> -0.81345447 | ... R14: =R$4*$A14 -> 0
A15: 12 | B15: =B$4*$A15 -> 0.42537778 | C15: =C$4*$A15 -> 1.1925811 | D15: =D$4*$A15 -> 0.47670065 | E15: =E$4*$A15 -> -0.91827201 | F15: =F$4*$A15 -> 0.38579063 | G15: =G$4*$A15 -> 1.1623433 | H15: =H$4*$A15 -> -0.5023157 | I15: =I$4*$A15 -> -0.88740488 | ... R15: =R$4*$A15 -> 0
A16: 13 | B16: =B$4*$A16 -> 0.46082593 | C16: =C$4*$A16 -> 1.2919628 | D16: =D$4*$A16 -> 0.51642571 | E16: =E$4*$A16 -> -0.99479468 | F16: =F$4*$A16 -> 0.41793985 | G16: =G$4*$A16 -> 1.2592053 | H16: =H$4*$A16 -> -0.54417534 | I16: =I$4*$A16 -> -0.96135528 | ... R16: =R$4*$A16 -> 0
... A103: 100 | B103: =B$4*$A103 -> 3.5448149 | C103: =C$4*$A103 -> 9.9381756 | D103: =D$4*$A103 -> 3.9725054 | E103: =E$4*$A103 -> -7.6522668 | F103: =F$4*$A103 -> 3.214922 | G103: =G$4*$A103 -> 9.6861944 | H103: =H$4*$A103 -> -4.1859642 | I103: =I$4*$A103 -> -7.3950406 | ... R103: =R$4*$A103 -> 0

Sheet AdmitPain
A1: ADMIT_PAIN_NO | B1: MSK1.Neck.NDI | C1: MSK1.Neck.PI | D1: MSK2.UpperExtremity.QDASH | E1: MSK2.UpperExtremity.UE | F1: MSK3.Back.MDQ | G1: MSK3.Back.PI | H1: MSK4.LowerExtremity.LEFS | I1: MSK4.LowerExtremity.PI | J1: MSK4.LowerExtremity.HOOSJr | K1: MSK5.Knee.KOS | L1: MSK5.Knee.PF | M1: MSK5.Knee.KOOSJr | N1: MSK6.Neck.NPRS | O1: MSK7.UpperExtremity.NPRS | P1: MSK8.Back.NPRS | Q1: MSK9.LowerExtremity.NPRS | R1: MSK10.Knee.NPRS
A2: Missing | B2: 0 | C2: 0 | D2: 0 | E2: 0 | F2: 0 | G2: 0 | H2: 0 | I2: 0 | J2: 0 | K2: 0 | L2: 0 | M2: 0 | N2: 0 | O2: 0 | P2: 0 | Q2: 0 | R2: 0
A3: 0 | B3: 0 | C3: 0 | D3: 0 | E3: 0 | F3: 0 | G3: 0 | H3: 0 | I3: 0 | J3: 0 | K3: 0 | L3: 0 | M3: 0 | N3: 0 | O3: 0 | P3: 0 | Q3: 0 | R3: 0
A4: 1 | B4: 0 | C4: 0 | D4: 0 | E4: 0 | F4: 0 | G4: 0 | H4: 0 | I4: 0 | J4: 0 | K4: 0 | L4: 0 | M4: 0 | N4: 0.3693956 | O4: 0.42340846 | P4: 0.34881297 | Q4: 0.42938134 | R4: 0.46092254
A5: 2 | B5: =B$4 * $A5 -> 0 | C5: =C$4 * $A5 -> 0 | D5: =D$4 * $A5 -> 0 | E5: =E$4 * $A5 -> 0 | F5: =F$4 * $A5 -> 0 | G5: =G$4 * $A5 -> 0 | H5: =H$4 * $A5 -> 0 | I5: =I$4 * $A5 -> 0 | ... R5: =R$4 * $A5 -> 0.92184508
A6: 3 | B6: =B$4 * $A6 -> 0 | C6: =C$4 * $A6 -> 0 | D6: =D$4 * $A6 -> 0 | E6: =E$4 * $A6 -> 0 | F6: =F$4 * $A6 -> 0 | G6: =G$4 * $A6 -> 0 | H6: =H$4 * $A6 -> 0 | I6: =I$4 * $A6 -> 0 | ... R6: =R$4 * $A6 -> 1.3827676
A7: 4 | B7: =B$4 * $A7 -> 0 | C7: =C$4 * $A7 -> 0 | D7: =D$4 * $A7 -> 0 | E7: =E$4 * $A7 -> 0 | F7: =F$4 * $A7 -> 0 | G7: =G$4 * $A7 -> 0 | H7: =H$4 * $A7 -> 0 | I7: =I$4 * $A7 -> 0 | ... R7: =R$4 * $A7 -> 1.8436902
A8: 5 | B8: =B$4 * $A8 -> 0 | C8: =C$4 * $A8 -> 0 | D8: =D$4 * $A8 -> 0 | E8: =E$4 * $A8 -> 0 | F8: =F$4 * $A8 -> 0 | G8: =G$4 * $A8 -> 0 | H8: =H$4 * $A8 -> 0 | I8: =I$4 * $A8 -> 0 | ... R8: =R$4 * $A8 -> 2.3046127
A9: 6 | B9: =B$4 * $A9 -> 0 | C9: =C$4 * $A9 -> 0 | D9: =D$4 * $A9 -> 0 | E9: =E$4 * $A9 -> 0 | F9: =F$4 * $A9 -> 0 | G9: =G$4 * $A9 -> 0 | H9: =H$4 * $A9 -> 0 | I9: =I$4 * $A9 -> 0 | ... R9: =R$4 * $A9 -> 2.7655353
A10: 7 | B10: =B$4 * $A10 -> 0 | C10: =C$4 * $A10 -> 0 | D10: =D$4 * $A10 -> 0 | E10: =E$4 * $A10 -> 0 | F10: =F$4 * $A10 -> 0 | G10: =G$4 * $A10 -> 0 | H10: =H$4 * $A10 -> 0 | I10: =I$4 * $A10 -> 0 | ... R10: =R$4 * $A10 -> 3.2264578
A11: 8 | B11: =B$4 * $A11 -> 0 | C11: =C$4 * $A11 -> 0 | D11: =D$4 * $A11 -> 0 | E11: =E$4 * $A11 -> 0 | F11: =F$4 * $A11 -> 0 | G11: =G$4 * $A11 -> 0 | H11: =H$4 * $A11 -> 0 | I11: =I$4 * $A11 -> 0 | ... R11: =R$4 * $A11 -> 3.6873803
A12: 9 | B12: =B$4 * $A12 -> 0 | C12: =C$4 * $A12 -> 0 | D12: =D$4 * $A12 -> 0 | E12: =E$4 * $A12 -> 0 | F12: =F$4 * $A12 -> 0 | G12: =G$4 * $A12 -> 0 | H12: =H$4 * $A12 -> 0 | I12: =I$4 * $A12 -> 0 | ... R12: =R$4 * $A12 -> 4.1483029
A13: 10 | B13: =B$4 * $A13 -> 0 | C13: =C$4 * $A13 -> 0 | D13: =D$4 * $A13 -> 0 | E13: =E$4 * $A13 -> 0 | F13: =F$4 * $A13 -> 0 | G13: =G$4 * $A13 -> 0 | H13: =H$4 * $A13 -> 0 | I13: =I$4 * $A13 -> 0 | ... R13: =R$4 * $A13 -> 4.6092254

Sheet Payer
A1: pyr2 | B1: MSK1.Neck.NDI | C1: MSK1.Neck.PI | D1: MSK2.UpperExtremity.QDASH | E1: MSK2.UpperExtremity.UE | F1: MSK3.Back.MDQ | G1: MSK3.Back.PI | H1: MSK4.LowerExtremity.LEFS | I1: MSK4.LowerExtremity.PF | J1: MSK4.LowerExtremity.HOOSJr | K1: MSK5.Knee.KOS | L1: MSK5.Knee.PF | M1: MSK5.Knee.KOOSJr | N1: MSK6.Neck.NPRS | O1: MSK7.UpperExtremity.NPRS | P1: MSK8.Back.NPRS | Q1: MSK9.LowerExtremity.NPRS | R1: MSK10.Knee.NPRS
A2: Commercial | B2: 0 | C2: 0 | D2: 0 | E2: 0 | F2: 0 | G2: 0 | H2: 0 | I2: 0 | J2: 0 | K2: 0 | L2: 0 | M2: 0 | N2: 0 | O2: 0 | P2: 0 | Q2: 0 | R2: 0
A3: Medicare | B3: 0 | C3: -0.068869197 | D3: -0.095086714 | E3: -0.057946198 | F3: -0.044816832 | G3: -0.084334628 | H3: -0.16365134 | I3: -0.16606013 | J3: 0 | K3: 0 | L3: -0.14956533 | M3: 0 | N3: 0 | O3: -0.074997042 | P3: -0.0726279 | Q3: -0.047892163 | R3: 0
A4: Industrial | B4: -0.66073813 | C4: -0.88037481 | D4: -0.60682033 | E4: -0.67248716 | F4: -0.44486491 | G4: -0.74607937 | H4: -0.45599417 | I4: -0.45857101 | J4: -0.9687675 | K4: 0 | L4: -0.67716237 | M4: -0.75264977 | N4: -0.72416235 | O4: -0.75748479 | P4: -0.73324818 | Q4: -0.70186735 | R4: -0.86933298
A5: Medicaid | B5: -0.47021427 | C5: -0.68895226 | D5: -0.61380662 | E5: -0.60748211 | F5: -0.53849946 | G5: -0.69083473 | H5: -0.51386657 | I5: -0.74202315 | J5: -0.56375663 | K5: 0 | L5: -0.70265273 | M5: -0.76252506 | N5: -0.6937168 | O5: -0.65383934 | P5: -0.7228404 | Q5: -0.73117813 | R5: -0.71444512
A6: Self | B6: -0.1502204 | C6: 0 | D6: 0 | E6: 0 | F6: -0.14596788 | G6: 0 | H6: -0.15452769 | I6: 0 | J6: 0 | K6: 0 | L6: 0 | M6: 0 | N6: 0 | O6: -0.16017939 | P6: 0 | Q6: -0.17227352 | R6: 0
A7: Auto | B7: -0.38520009 | C7: -0.297659 | D7: -0.39640358 | E7: 0 | F7: -0.58909892 | G7: -0.38868955 | H7: -0.63543775 | I7: -0.39112095 | J7: 0 | K7: 0 | L7: -0.3644013 | M7: -0.80251293 | N7: -0.29158936 | O7: -0.34053742 | P7: -0.37884344 | Q7: -0.32732395 | R7: -0.64584176
A8: Missing | B8: -0.50403583 | C8: -0.43765344 | D8: 0 | E8: -0.33731116 | F8: -0.41426312 | G8: -0.40470332 | H8: 0 | I8: -0.36071484 | J8: 0 | K8: 0 | L8: -0.40355956 | M8: 0 | N8: -0.36247452 | O8: -0.39246511 | P8: -0.42791482 | Q8: -0.36388369 | R8: -0.46406985

Sheet TxType
A1: TX_TYPE_CD | B1: MSK1.Neck.NDI | C1: MSK1.Neck.PI | D1: MSK2.UpperExtremity.QDASH | E1: MSK2.UpperExtremity.UE | F1: MSK3.Back.MDQ | G1: MSK3.Back.PI | H1: MSK4.LowerExtremity.LEFS | I1: MSK4.LowerExtremity.PF | J1: MSK4.LowerExtremity.HOOSJr | K1: MSK5.Knee.KOS | L1: MSK5.Knee.PF | M1: MSK5.Knee.KOOSJr | N1: MSK6.Neck.NPRS | O1: MSK7.UpperExtremity.NPRS | P1: MSK8.Back.NPRS | Q1: MSK9.LowerExtremity.NPRS | R1: MSK10.Knee.NPRS
A2: Conservative | B2: 0 | C2: 0 | D2: 0 | E2: 0 | F2: 0 | G2: 0 | H2: 0 | I2: 0 | J2: 0 | K2: 0 | L2: 0 | M2: 0 | N2: 0 | O2: 0 | P2: 0 | Q2: 0 | R2: 0
A3: Surgical | B3: -0.25341959 | C3: -0.62064612 | D3: 0.40598454 | E3: 0.23717155 | F3: -0.18919761 | G3: -0.67027695 | H3: 0.23729897 | I3: 0 | J3: 0.44813856 | K3: 0 | L3: 0.197213 | M3: 0.37690074 | N3: -0.72129391 | O3: -0.078362604 | P3: -0.80472075 | Q3: -0.30864703 | R3: 0.058772426
A4: Missing | B4: 0 | C4: 0 | D4: 0 | E4: 0 | F4: 0 | G4: 0 | H4: 0 | I4: 0 | J4: 0 | K4: 0 | L4: 0 | M4: 0 | N4: 0 | O4: 0 | P4: 0 | Q4: 0 | R4: 0

Sheet Duration
A1: lower | B1: upper | C1: DurCat | D1: MSK1.Neck.NDI | E1: MSK1.Neck.PI | F1: MSK2.UpperExtremity.QDASH | G1: MSK2.UpperExtremity.UE | H1: MSK3.Back.MDQ | I1: MSK3.Back.PI | J1: MSK4.LowerExtremity.LEFS | K1: MSK4.LowerExtremity.PF | L1: MSK4.LowerExtremity.HOOSJr | M1: MSK5.Knee.KOS | N1: MSK5.Knee.PF | O1: MSK5.Knee.KOOSJr | P1: MSK6.Neck.NPRS | Q1: MSK7.UpperExtremity.NPRS | R1: MSK8.Back.NPRS | S1: MSK9.LowerExtremity.NPRS | T1: MSK10.Knee.NPRS
A2: Missing | B2: Missing | C2: Missing | D2: 0 | E2: 0 | F2: 0 | G2: 0 | H2: 0 | I2: 0 | J2: 0 | K2: 0 | L2: 0 | M2: 0 | N2: 0 | O2: 0 | P2: 0 | Q2: 0 | R2: 0 | S2: 0 | T2: 0
A3: 0 | B3: 30 | C3: [0,30] | D3: 0 | E3: 0 | F3: 0 | G3: 0 | H3: 0 | I3: 0 | J3: 0 | K3: 0 | L3: 0 | M3: 0 | N3: 0 | O3: 0 | P3: 0 | Q3: 0 | R3: 0 | S3: 0 | T3: 0
A4: 31 | B4: 90 | C4: [31,90] | D4: 0 | E4: 0 | F4: 0 | G4: 0 | H4: 0 | I4: 0 | J4: 0 | K4: 0 | L4: 0 | M4: 0 | N4: 0 | O4: 0 | P4: 0 | Q4: 0 | R4: 0 | S4: 0 | T4: 0
A5: 91 | B5: 365 | C5: [91,365] | D5: -0.61152841 | E5: -0.60025095 | F5: -0.470809 | G5: -0.59615722 | H5: -0.69372556 | I5: -0.71124366 | J5: -0.66646556 | K5: -0.72571902 | L5: -0.38940784 | M5: -0.74857237 | N5: -0.71879769 | O5: -0.41072404 | P5: -0.64322176 | Q5: -0.47890855 | R5: -0.74329571 | S5: -0.63321365 | T5: -0.63078718
A6: 366 | B6: Infinity | C6: [366,Inf] | D6: -0.61152841 | E6: -0.60025095 | F6: -0.470809 | G6: -0.59615722 | H6: -0.69372556 | I6: -0.71124366 | J6: -0.66646556 | K6: -0.72571902 | L6: -0.38940784 | M6: -0.74857237 | N6: -0.71879769 | O6: -0.41072404 | P6: -0.64322176 | Q6: -0.47890855 | R6: -0.74329571 | S6: -0.63321365 | T6: -0.63078718
