Workbook

Sheet Patient Data
B2: Patient data | K2: Progression (achieving or exceeding the MCID) | O2: MSK measure
B3: Patient | C3: Age | D3: Sex | E3: Admit Score | F3: Admit Pain | G3: Payer | H3: Tx Type | I3: Duration | K3: Observed Progression | L3: Predicted Progression | M3: Adjusted Performance | O3: Scale: | P3: 16
B4: A | C4: 32 | D4: Male | E4: 65.3029 | F4: 0 | G4: Commercial | H4: Conservative | I4: 91 | K4: 1 | L4: =EXP( VLOOKUP(1, Intercepts!A$2:R$2, P$3, FALSE) +(LOG10(C4)*(VLOOKUP(10, Age!A$3:R$3, P$3, FALSE))) + VLOOKUP(D4, Sex!A$2:R$5, P$3, FALSE) + (E4*(VLOOKUP(1, AdmitScore!A$2:R$2, P$3, FALSE))) + VLOOKUP(F4, AdmitPain!A$2:R$13, P$3, FALSE) + VLOOKUP(G4, Payer!A$2:R$8, P$3, FALSE) + VLOOKUP(H4, TxType!A$2:R$4, P$3, FALSE) + VLOOKUP('Patient Data'!I4, Duration!A$2:T$6, P$3+2, TRUE) )/(1+EXP( VLOOKUP(1, Intercepts!A$2:R$2, P$3, FALSE) + (LOG10(C4)*( VLOOKUP(10, Age!A$3:R$3, P$3, FALSE))) + VLOOKUP(D4, Sex!A$2:R$5, P$3, FALSE) + (E4*(VLOOKUP(1, AdmitScore!A$2:R$2, P$3, FALSE))) + VLOOKUP(F4, AdmitPain!A$2:R$13, P$3, FALSE) + VLOOKUP(G4, Payer!A$2:R$8, P$3, FALSE) + VLOOKUP(H4, TxType!A$2:R$4, P$3, FALSE) + VLOOKUP('Patient Data'!I4, Duration!A$2:T$6, P$3+2, TRUE) )) -> 0.12547797 | M4: =IF(AND($P$3>=14,F4<=1),1,IF(L4>0.3,K4,1)) -> 1 | O4: The value in P3 should correspond to the survey (scale) as shown below.
B5: B | C5: 32 | D5: Missing | E5: 67.0764 | F5: 1 | G5: Commercial | H5: Conservative | I5: 90 | K5: 0 | L5: =EXP( VLOOKUP(1, Intercepts!A$2:R$2, P$3, FALSE) +(LOG10(C5)*( VLOOKUP(10, Age!A$3:R$3, P$3, FALSE))) + VLOOKUP(D5, Sex!A$2:R$5, P$3, FALSE) + (E5*(VLOOKUP(1, AdmitScore!A$2:R$2, P$3, FALSE))) + VLOOKUP(F5, AdmitPain!A$2:R$13, P$3, FALSE) + VLOOKUP(G5, Payer!A$2:R$8, P$3, FALSE) + VLOOKUP(H5, TxType!A$2:R$4, P$3, FALSE) + VLOOKUP('Patient Data'!I5, Duration!A$2:T$6, P$3+2, TRUE) )/(1+EXP( VLOOKUP(1, Intercepts!A$2:R$2, P$3, FALSE) + (LOG10(C5)*( VLOOKUP(10, Age!A$3:R$3, P$3, FALSE))) + VLOOKUP(D5, Sex!A$2:R$5, P$3, FALSE) + (E5*(VLOOKUP(1, AdmitScore!A$2:R$2, P$3, FALSE))) + VLOOKUP(F5, AdmitPain!A$2:R$13, P$3, FALSE) + VLOOKUP(G5, Payer!A$2:R$8, P$3, FALSE) + VLOOKUP(H5, TxType!A$2:R$4, P$3, FALSE) + VLOOKUP('Patient Data'!I5, Duration!A$2:T$6, P$3+2, TRUE) )) -> 0.4038225 | M5: =IF(AND($P$3>=14,F5<=1),1,IF(L5>0.3,K5,1)) -> 1
B6: C | C6: 50 | D6: Female | E6: 23.2091 | F6: 2 | G6: Commercial | H6: Surgical | I6: 90 | K6: 1 | L6: =EXP( VLOOKUP(1, Intercepts!A$2:R$2, P$3, FALSE) +(LOG10(C6)*( VLOOKUP(10, Age!A$3:R$3, P$3, FALSE))) + VLOOKUP(D6, Sex!A$2:R$5, P$3, FALSE) + (E6*(VLOOKUP(1, AdmitScore!A$2:R$2, P$3, FALSE))) + VLOOKUP(F6, AdmitPain!A$2:R$13, P$3, FALSE) + VLOOKUP(G6, Payer!A$2:R$8, P$3, FALSE) + VLOOKUP(H6, TxType!A$2:R$4, P$3, FALSE) + VLOOKUP('Patient Data'!I6, Duration!A$2:T$6, P$3+2, TRUE) )/(1+EXP( VLOOKUP(1, Intercepts!A$2:R$2, P$3, FALSE) + (LOG10(C6)*( VLOOKUP(10, Age!A$3:R$3, P$3, FALSE))) + VLOOKUP(D6, Sex!A$2:R$5, P$3, FALSE) + (E6*(VLOOKUP(1, AdmitScore!A$2:R$2, P$3, FALSE))) + VLOOKUP(F6, AdmitPain!A$2:R$13, P$3, FALSE) + VLOOKUP(G6, Payer!A$2:R$8, P$3, FALSE) + VLOOKUP(H6, TxType!A$2:R$4, P$3, FALSE) + VLOOKUP('Patient Data'!I6, Duration!A$2:T$6, P$3+2, TRUE) )) -> 0.19090419 | M6: =IF(AND($P$3>=14,F6<=1),1,IF(L6>0.3,K6,1)) -> 1 | O6: MSK1 Neck NDI Score: | P6: 2 | R6: MSK1.Neck.NDI
B7: D | C7: 46 | D7: Male | E7: 27.7923 | F7: 5 | G7: Industrial | H7: Conservative | I7: 90 | K7: 1 | L7: =EXP( VLOOKUP(1, Intercepts!A$2:R$2, P$3, FALSE) +(LOG10(C7)*( VLOOKUP(10, Age!A$3:R$3, P$3, FALSE))) + VLOOKUP(D7, Sex!A$2:R$5, P$3, FALSE) + (E7*(VLOOKUP(1, AdmitScore!A$2:R$2, P$3, FALSE))) + VLOOKUP(F7, AdmitPain!A$2:R$13, P$3, FALSE) + VLOOKUP(G7, Payer!A$2:R$8, P$3, FALSE) + VLOOKUP(H7, TxType!A$2:R$4, P$3, FALSE) + VLOOKUP('Patient Data'!I7, Duration!A$2:T$6, P$3+2, TRUE) )/(1+EXP( VLOOKUP(1, Intercepts!A$2:R$2, P$3, FALSE) + (LOG10(C7)*( VLOOKUP(10, Age!A$3:R$3, P$3, FALSE))) + VLOOKUP(D7, Sex!A$2:R$5, P$3, FALSE) + (E7*(VLOOKUP(1, AdmitScore!A$2:R$2, P$3, FALSE))) + VLOOKUP(F7, AdmitPain!A$2:R$13, P$3, FALSE) + VLOOKUP(G7, Payer!A$2:R$8, P$3, FALSE) + VLOOKUP(H7, TxType!A$2:R$4, P$3, FALSE) + VLOOKUP('Patient Data'!I7, Duration!A$2:T$6, P$3+2, TRUE) )) -> 0.43527939 | M7: =IF(AND($P$3>=14,F7<=1),1,IF(L7>0.3,K7,1)) -> 1 | O7: MSK1 Neck PI Score: | P7: 3 | R7: MSK1.Neck.PI
B8: E | C8: 74 | D8: Female | E8: 14.6524 | F8: 5 | G8: Medicare | H8: Surgical | I8: 90 | K8: 1 | L8: =EXP( VLOOKUP(1, Intercepts!A$2:R$2, P$3, FALSE) +(LOG10(C8)*( VLOOKUP(10, Age!A$3:R$3, P$3, FALSE))) + VLOOKUP(D8, Sex!A$2:R$5, P$3, FALSE) + (E8*(VLOOKUP(1, AdmitScore!A$2:R$2, P$3, FALSE))) + VLOOKUP(F8, AdmitPain!A$2:R$13, P$3, FALSE) + VLOOKUP(G8, Payer!A$2:R$8, P$3, FALSE) + VLOOKUP(H8, TxType!A$2:R$4, P$3, FALSE) + VLOOKUP('Patient Data'!I8, Duration!A$2:T$6, P$3+2, TRUE) )/(1+EXP( VLOOKUP(1, Intercepts!A$2:R$2, P$3, FALSE) + (LOG10(C8)*( VLOOKUP(10, Age!A$3:R$3, P$3, FALSE))) + VLOOKUP(D8, Sex!A$2:R$5, P$3, FALSE) + (E8*(VLOOKUP(1, AdmitScore!A$2:R$2, P$3, FALSE))) + VLOOKUP(F8, AdmitPain!A$2:R$13, P$3, FALSE) + VLOOKUP(G8, Payer!A$2:R$8, P$3, FALSE) + VLOOKUP(H8, TxType!A$2:R$4, P$3, FALSE) + VLOOKUP('Patient Data'!I8, Duration!A$2:T$6, P$3+2, TRUE) )) -> 0.36607408 | M8: =IF(AND($P$3>=14,F8<=1),1,IF(L8>0.3,K8,1)) -> 1 | O8: MSK2 Upper Extremity QDASH Score: | P8: 4 | R8: MSK2.UpperExtremity.QDASH
B9: F | C9: 38 | D9: Male | E9: 42.3507 | F9: 1 | G9: Commercial | H9: Conservative | I9: 91 | K9: 1 | L9: =EXP( VLOOKUP(1, Intercepts!A$2:R$2, P$3, FALSE) +(LOG10(C9)*( VLOOKUP(10, Age!A$3:R$3, P$3, FALSE))) + VLOOKUP(D9, Sex!A$2:R$5, P$3, FALSE) + (E9*(VLOOKUP(1, AdmitScore!A$2:R$2, P$3, FALSE))) + VLOOKUP(F9, AdmitPain!A$2:R$13, P$3, FALSE) + VLOOKUP(G9, Payer!A$2:R$8, P$3, FALSE) + VLOOKUP(H9, TxType!A$2:R$4, P$3, FALSE) + VLOOKUP('Patient Data'!I9, Duration!A$2:T$6, P$3+2, TRUE) )/(1+EXP( VLOOKUP(1, Intercepts!A$2:R$2, P$3, FALSE) + (LOG10(C9)*( VLOOKUP(10, Age!A$3:R$3, P$3, FALSE))) + VLOOKUP(D9, Sex!A$2:R$5, P$3, FALSE) + (E9*(VLOOKUP(1, AdmitScore!A$2:R$2, P$3, FALSE))) + VLOOKUP(F9, AdmitPain!A$2:R$13, P$3, FALSE) + VLOOKUP(G9, Payer!A$2:R$8, P$3, FALSE) + VLOOKUP(H9, TxType!A$2:R$4, P$3, FALSE) + VLOOKUP('Patient Data'!I9, Duration!A$2:T$6, P$3+2, TRUE) )) -> 0.16420617 | M9: =IF(AND($P$3>=14,F9<=1),1,IF(L9>0.3,K9,1)) -> 1 | O9: MSK2 Upper Extremity UE Score: | P9: 5 | R9: MSK2.UpperExtremity.UE
B10: G | C10: 65 | D10: Female | E10: 34.5771 | F10: 4 | G10: Commercial | H10: Conservative | I10: 91 | K10: 0 | L10: =EXP( VLOOKUP(1, Intercepts!A$2:R$2, P$3, FALSE) +(LOG10(C10)*( VLOOKUP(10, Age!A$3:R$3, P$3, FALSE))) + VLOOKUP(D10, Sex!A$2:R$5, P$3, FALSE) + (E10*(VLOOKUP(1, AdmitScore!A$2:R$2, P$3, FALSE))) + VLOOKUP(F10, AdmitPain!A$2:R$13, P$3, FALSE) + VLOOKUP(G10, Payer!A$2:R$8, P$3, FALSE) + VLOOKUP(H10, TxType!A$2:R$4, P$3, FALSE) + VLOOKUP('Patient Data'!I10, Duration!A$2:T$6, P$3+2, TRUE) )/(1+EXP( VLOOKUP(1, Intercepts!A$2:R$2, P$3, FALSE) + (LOG10(C10)*( VLOOKUP(10, Age!A$3:R$3, P$3, FALSE))) + VLOOKUP(D10, Sex!A$2:R$5, P$3, FALSE) + (E10*(VLOOKUP(1, AdmitScore!A$2:R$2, P$3, FALSE))) + VLOOKUP(F10, AdmitPain!A$2:R$13, P$3, FALSE) + VLOOKUP(G10, Payer!A$2:R$8, P$3, FALSE) + VLOOKUP(H10, TxType!A$2:R$4, P$3, FALSE) + VLOOKUP('Patient Data'!I10, Duration!A$2:T$6, P$3+2, TRUE) )) -> 0.32348454 | M10: =IF(AND($P$3>=14,F10<=1),1,IF(L10>0.3,K10,1)) -> 0 | O10: MSK3 Back MDQ Score: | P10: 6 | R10: MSK3.Back.MDQ
B11: H | C11: 62 | D11: Female | E11: 29.4596 | F11: 8 | G11: Commercial | H11: Conservative | I11: 90 | K11: 0 | L11: =EXP( VLOOKUP(1, Intercepts!A$2:R$2, P$3, FALSE) +(LOG10(C11)*( VLOOKUP(10, Age!A$3:R$3, P$3, FALSE))) + VLOOKUP(D11, Sex!A$2:R$5, P$3, FALSE) + (E11*(VLOOKUP(1, AdmitScore!A$2:R$2, P$3, FALSE))) + VLOOKUP(F11, AdmitPain!A$2:R$13, P$3, FALSE) + VLOOKUP(G11, Payer!A$2:R$8, P$3, FALSE) + VLOOKUP(H11, TxType!A$2:R$4, P$3, FALSE) + VLOOKUP('Patient Data'!I11, Duration!A$2:T$6, P$3+2, TRUE) )/(1+EXP( VLOOKUP(1, Intercepts!A$2:R$2, P$3, FALSE) + (LOG10(C11)*( VLOOKUP(10, Age!A$3:R$3, P$3, FALSE))) + VLOOKUP(D11, Sex!A$2:R$5, P$3, FALSE) + (E11*(VLOOKUP(1, AdmitScore!A$2:R$2, P$3, FALSE))) + VLOOKUP(F11, AdmitPain!A$2:R$13, P$3, FALSE) + VLOOKUP(G11, Payer!A$2:R$8, P$3, FALSE) + VLOOKUP(H11, TxType!A$2:R$4, P$3, FALSE) + VLOOKUP('Patient Data'!I11, Duration!A$2:T$6, P$3+2, TRUE) )) -> 0.80380329 | M11: =IF(AND($P$3>=14,F11<=1),1,IF(L11>0.3,K11,1)) -> 0 | O11: MSK3 Back PI Score: | P11: 7 | R11: MSK3.Back.PI
B12: I | C12: 55 | D12: Female | E12: 64.1774 | F12: 8 | G12: Missing | H12: Conservative | I12: 90 | K12: 1 | L12: =EXP( VLOOKUP(1, Intercepts!A$2:R$2, P$3, FALSE) +(LOG10(C12)*( VLOOKUP(10, Age!A$3:R$3, P$3, FALSE))) + VLOOKUP(D12, Sex!A$2:R$5, P$3, FALSE) + (E12*(VLOOKUP(1, AdmitScore!A$2:R$2, P$3, FALSE))) + VLOOKUP(F12, AdmitPain!A$2:R$13, P$3, FALSE) + VLOOKUP(G12, Payer!A$2:R$8, P$3, FALSE) + VLOOKUP(H12, TxType!A$2:R$4, P$3, FALSE) + VLOOKUP('Patient Data'!I12, Duration!A$2:T$6, P$3+2, TRUE) )/(1+EXP( VLOOKUP(1, Intercepts!A$2:R$2, P$3, FALSE) + (LOG10(C12)*( VLOOKUP(10, Age!A$3:R$3, P$3, FALSE))) + VLOOKUP(D12, Sex!A$2:R$5, P$3, FALSE) + (E12*(VLOOKUP(1, AdmitScore!A$2:R$2, P$3, FALSE))) + VLOOKUP(F12, AdmitPain!A$2:R$13, P$3, FALSE) + VLOOKUP(G12, Payer!A$2:R$8, P$3, FALSE) + VLOOKUP(H12, TxType!A$2:R$4, P$3, FALSE) + VLOOKUP('Patient Data'!I12, Duration!A$2:T$6, P$3+2, TRUE) )) -> 0.7323131 | M12: =IF(AND($P$3>=14,F12<=1),1,IF(L12>0.3,K12,1)) -> 1 | O12: MSK4 Lower Extremity LEFS Score: | P12: 8 | R12: MSK4.LowerExtremity.LEFS
B13: J | C13: 52 | D13: Female | E13: 57.3438 | F13: 4 | G13: Industrial | H13: Conservative | I13: 90 | K13: 1 | L13: =EXP( VLOOKUP(1, Intercepts!A$2:R$2, P$3, FALSE) +(LOG10(C13)*( VLOOKUP(10, Age!A$3:R$3, P$3, FALSE))) + VLOOKUP(D13, Sex!A$2:R$5, P$3, FALSE) + (E13*(VLOOKUP(1, AdmitScore!A$2:R$2, P$3, FALSE))) + VLOOKUP(F13, AdmitPain!A$2:R$13, P$3, FALSE) + VLOOKUP(G13, Payer!A$2:R$8, P$3, FALSE) + VLOOKUP(H13, TxType!A$2:R$4, P$3, FALSE) + VLOOKUP('Patient Data'!I13, Duration!A$2:T$6, P$3+2, TRUE) )/(1+EXP( VLOOKUP(1, Intercepts!A$2:R$2, P$3, FALSE) + (LOG10(C13)*( VLOOKUP(10, Age!A$3:R$3, P$3, FALSE))) + VLOOKUP(D13, Sex!A$2:R$5, P$3, FALSE) + (E13*(VLOOKUP(1, AdmitScore!A$2:R$2, P$3, FALSE))) + VLOOKUP(F13, AdmitPain!A$2:R$13, P$3, FALSE) + VLOOKUP(G13, Payer!A$2:R$8, P$3, FALSE) + VLOOKUP(H13, TxType!A$2:R$4, P$3, FALSE) + VLOOKUP('Patient Data'!I13, Duration!A$2:T$6, P$3+2, TRUE) )) -> 0.33560842 | M13: =IF(AND($P$3>=14,F13<=1),1,IF(L13>0.3,K13,1)) -> 1 | O13: MSK4 Lower Extremity PI Score: | P13: 9 | R13: MSK4.LowerExtremity.PF
B14: K | C14: 69 | D14: Female | E14: 65.5664 | F14: 5 | G14: Commercial | H14: Conservative | I14: 90 | K14: 1 | L14: =EXP( VLOOKUP(1, Intercepts!A$2:R$2, P$3, FALSE) +(LOG10(C14)*( VLOOKUP(10, Age!A$3:R$3, P$3, FALSE))) + VLOOKUP(D14, Sex!A$2:R$5, P$3, FALSE) + (E14*(VLOOKUP(1, AdmitScore!A$2:R$2, P$3, FALSE))) + VLOOKUP(F14, AdmitPain!A$2:R$13, P$3, FALSE) + VLOOKUP(G14, Payer!A$2:R$8, P$3, FALSE) + VLOOKUP(H14, TxType!A$2:R$4, P$3, FALSE) + VLOOKUP('Patient Data'!I14, Duration!A$2:T$6, P$3+2, TRUE) )/(1+EXP( VLOOKUP(1, Intercepts!A$2:R$2, P$3, FALSE) + (LOG10(C14)*( VLOOKUP(10, Age!A$3:R$3, P$3, FALSE))) + VLOOKUP(D14, Sex!A$2:R$5, P$3, FALSE) + (E14*(VLOOKUP(1, AdmitScore!A$2:R$2, P$3, FALSE))) + VLOOKUP(F14, AdmitPain!A$2:R$13, P$3, FALSE) + VLOOKUP(G14, Payer!A$2:R$8, P$3, FALSE) + VLOOKUP(H14, TxType!A$2:R$4, P$3, FALSE) + VLOOKUP('Patient Data'!I14, Duration!A$2:T$6, P$3+2, TRUE) )) -> 0.58475082 | M14: =IF(AND($P$3>=14,F14<=1),1,IF(L14>0.3,K14,1)) -> 1 | O14: MSK4 Lower Extremity HOOSJr Score | P14: 10 | R14: MSK4.LowerExtremity.HOOSJr
B15: L | C15: 27 | D15: Male | E15: 74.1131 | F15: 4 | G15: Industrial | H15: Conservative | I15: 90 | K15: 1 | L15: =EXP( VLOOKUP(1, Intercepts!A$2:R$2, P$3, FALSE) +(LOG10(C15)*( VLOOKUP(10, Age!A$3:R$3, P$3, FALSE))) + VLOOKUP(D15, Sex!A$2:R$5, P$3, FALSE) + (E15*(VLOOKUP(1, AdmitScore!A$2:R$2, P$3, FALSE))) + VLOOKUP(F15, AdmitPain!A$2:R$13, P$3, FALSE) + VLOOKUP(G15, Payer!A$2:R$8, P$3, FALSE) + VLOOKUP(H15, TxType!A$2:R$4, P$3, FALSE) + VLOOKUP('Patient Data'!I15, Duration!A$2:T$6, P$3+2, TRUE) )/(1+EXP( VLOOKUP(1, Intercepts!A$2:R$2, P$3, FALSE) + (LOG10(C15)*( VLOOKUP(10, Age!A$3:R$3, P$3, FALSE))) + VLOOKUP(D15, Sex!A$2:R$5, P$3, FALSE) + (E15*(VLOOKUP(1, AdmitScore!A$2:R$2, P$3, FALSE))) + VLOOKUP(F15, AdmitPain!A$2:R$13, P$3, FALSE) + VLOOKUP(G15, Payer!A$2:R$8, P$3, FALSE) + VLOOKUP(H15, TxType!A$2:R$4, P$3, FALSE) + VLOOKUP('Patient Data'!I15, Duration!A$2:T$6, P$3+2, TRUE) )) -> 0.37704378 | M15: =IF(AND($P$3>=14,F15<=1),1,IF(L15>0.3,K15,1)) -> 1 | O15: MSK5 Knee KOS Score: | P15: 11 | R15: MSK5.Knee.KOS
B16: M | C16: 23 | D16: Female | E16: 68.4076 | F16: 7 | G16: Missing | H16: Conservative | I16: 91 | K16: 1 | L16: =EXP( VLOOKUP(1, Intercepts!A$2:R$2, P$3, FALSE) +(LOG10(C16)*( VLOOKUP(10, Age!A$3:R$3, P$3, FALSE))) + VLOOKUP(D16, Sex!A$2:R$5, P$3, FALSE) + (E16*(VLOOKUP(1, AdmitScore!A$2:R$2, P$3, FALSE))) + VLOOKUP(F16, AdmitPain!A$2:R$13, P$3, FALSE) + VLOOKUP(G16, Payer!A$2:R$8, P$3, FALSE) + VLOOKUP(H16, TxType!A$2:R$4, P$3, FALSE) + VLOOKUP('Patient Data'!I16, Duration!A$2:T$6, P$3+2, TRUE) )/(1+EXP( VLOOKUP(1, Intercepts!A$2:R$2, P$3, FALSE) + (LOG10(C16)*( VLOOKUP(10, Age!A$3:R$3, P$3, FALSE))) + VLOOKUP(D16, Sex!A$2:R$5, P$3, FALSE) + (E16*(VLOOKUP(1, AdmitScore!A$2:R$2, P$3, FALSE))) + VLOOKUP(F16, AdmitPain!A$2:R$13, P$3, FALSE) + VLOOKUP(G16, Payer!A$2:R$8, P$3, FALSE) + VLOOKUP(H16, TxType!A$2:R$4, P$3, FALSE) + VLOOKUP('Patient Data'!I16, Duration!A$2:T$6, P$3+2, TRUE) )) -> 0.52234385 | M16: =IF(AND($P$3>=14,F16<=1),1,IF(L16>0.3,K16,1)) -> 1 | O16: MSK5 Knee PF Score: | P16: 12 | R16: MSK5.Knee.PF
B17: N | C17: 36 | D17: Male | E17: 66.871 | F17: 8 | G17: Missing | H17: Conservative | I17: 90 | K17: 1 | L17: =EXP( VLOOKUP(1, Intercepts!A$2:R$2, P$3, FALSE) +(LOG10(C17)*( VLOOKUP(10, Age!A$3:R$3, P$3, FALSE))) + VLOOKUP(D17, Sex!A$2:R$5, P$3, FALSE) + (E17*(VLOOKUP(1, AdmitScore!A$2:R$2, P$3, FALSE))) + VLOOKUP(F17, AdmitPain!A$2:R$13, P$3, FALSE) + VLOOKUP(G17, Payer!A$2:R$8, P$3, FALSE) + VLOOKUP(H17, TxType!A$2:R$4, P$3, FALSE) + VLOOKUP('Patient Data'!I17, Duration!A$2:T$6, P$3+2, TRUE) )/(1+EXP( VLOOKUP(1, Intercepts!A$2:R$2, P$3, FALSE) + (LOG10(C17)*( VLOOKUP(10, Age!A$3:R$3, P$3, FALSE))) + VLOOKUP(D17, Sex!A$2:R$5, P$3, FALSE) + (E17*(VLOOKUP(1, AdmitScore!A$2:R$2, P$3, FALSE))) + VLOOKUP(F17, AdmitPain!A$2:R$13, P$3, FALSE) + VLOOKUP(G17, Payer!A$2:R$8, P$3, FALSE) + VLOOKUP(H17, TxType!A$2:R$4, P$3, FALSE) + VLOOKUP('Patient Data'!I17, Duration!A$2:T$6, P$3+2, TRUE) )) -> 0.75780349 | M17: =IF(AND($P$3>=14,F17<=1),1,IF(L17>0.3,K17,1)) -> 1 | O17: MSK5 Knee KOOSJr Score: | P17: 13 | R17: MSK5.Knee.KOOSJr
... B22: S | C22: 35 | D22: Male | E22: 35.2174 | F22: 5 | G22: Commercial | H22: Surgical | I22: 91 | K22: 1 | L22: =EXP( VLOOKUP(1, Intercepts!A$2:R$2, P$3, FALSE) +(LOG10(C22)*( VLOOKUP(10, Age!A$3:R$3, P$3, FALSE))) + VLOOKUP(D22, Sex!A$2:R$5, P$3, FALSE) + (E22*(VLOOKUP(1, AdmitScore!A$2:R$2, P$3, FALSE))) + VLOOKUP(F22, AdmitPain!A$2:R$13, P$3, FALSE) + VLOOKUP(G22, Payer!A$2:R$8, P$3, FALSE) + VLOOKUP(H22, TxType!A$2:R$4, P$3, FALSE) + VLOOKUP('Patient Data'!I22, Duration!A$2:T$6, P$3+2, TRUE) )/(1+EXP( VLOOKUP(1, Intercepts!A$2:R$2, P$3, FALSE) + (LOG10(C22)*( VLOOKUP(10, Age!A$3:R$3, P$3, FALSE))) + VLOOKUP(D22, Sex!A$2:R$5, P$3, FALSE) + (E22*(VLOOKUP(1, AdmitScore!A$2:R$2, P$3, FALSE))) + VLOOKUP(F22, AdmitPain!A$2:R$13, P$3, FALSE) + VLOOKUP(G22, Payer!A$2:R$8, P$3, FALSE) + VLOOKUP(H22, TxType!A$2:R$4, P$3, FALSE) + VLOOKUP('Patient Data'!I22, Duration!A$2:T$6, P$3+2, TRUE) )) -> 0.26498721 | M22: =IF(AND($P$3>=14,F22<=1),1,IF(L22>0.3,K22,1)) -> 1 | O22: MSK10 Knee NPRS Score: | P22: 18 | R22: MSK10.Knee.NPRS
B23: T | C23: 86 | D23: Female | E23: 34.2612 | F23: 6 | G23: Medicare | H23: Conservative | I23: 91 | K23: 1 | L23: =EXP( VLOOKUP(1, Intercepts!A$2:R$2, P$3, FALSE) +(LOG10(C23)*( VLOOKUP(10, Age!A$3:R$3, P$3, FALSE))) + VLOOKUP(D23, Sex!A$2:R$5, P$3, FALSE) + (E23*(VLOOKUP(1, AdmitScore!A$2:R$2, P$3, FALSE))) + VLOOKUP(F23, AdmitPain!A$2:R$13, P$3, FALSE) + VLOOKUP(G23, Payer!A$2:R$8, P$3, FALSE) + VLOOKUP(H23, TxType!A$2:R$4, P$3, FALSE) + VLOOKUP('Patient Data'!I23, Duration!A$2:T$6, P$3+2, TRUE) )/(1+EXP( VLOOKUP(1, Intercepts!A$2:R$2, P$3, FALSE) + (LOG10(C23)*( VLOOKUP(10, Age!A$3:R$3, P$3, FALSE))) + VLOOKUP(D23, Sex!A$2:R$5, P$3, FALSE) + (E23*(VLOOKUP(1, AdmitScore!A$2:R$2, P$3, FALSE))) + VLOOKUP(F23, AdmitPain!A$2:R$13, P$3, FALSE) + VLOOKUP(G23, Payer!A$2:R$8, P$3, FALSE) + VLOOKUP(H23, TxType!A$2:R$4, P$3, FALSE) + VLOOKUP('Patient Data'!I23, Duration!A$2:T$6, P$3+2, TRUE) )) -> 0.4578378 | M23: =IF(AND($P$3>=14,F23<=1),1,IF(L23>0.3,K23,1)) -> 1
B24: U | C24: 58 | D24: Female | E24: 38.5591 | F24: 7 | G24: Commercial | H24: Missing | I24: 91 | K24: 1 | L24: =EXP( VLOOKUP(1, Intercepts!A$2:R$2, P$3, FALSE) +(LOG10(C24)*( VLOOKUP(10, Age!A$3:R$3, P$3, FALSE))) + VLOOKUP(D24, Sex!A$2:R$5, P$3, FALSE) + (E24*(VLOOKUP(1, AdmitScore!A$2:R$2, P$3, FALSE))) + VLOOKUP(F24, AdmitPain!A$2:R$13, P$3, FALSE) + VLOOKUP(G24, Payer!A$2:R$8, P$3, FALSE) + VLOOKUP(H24, TxType!A$2:R$4, P$3, FALSE) + VLOOKUP('Patient Data'!I24, Duration!A$2:T$6, P$3+2, TRUE) )/(1+EXP( VLOOKUP(1, Intercepts!A$2:R$2, P$3, FALSE) + (LOG10(C24)*( VLOOKUP(10, Age!A$3:R$3, P$3, FALSE))) + VLOOKUP(D24, Sex!A$2:R$5, P$3, FALSE) + (E24*(VLOOKUP(1, AdmitScore!A$2:R$2, P$3, FALSE))) + VLOOKUP(F24, AdmitPain!A$2:R$13, P$3, FALSE) + VLOOKUP(G24, Payer!A$2:R$8, P$3, FALSE) + VLOOKUP(H24, TxType!A$2:R$4, P$3, FALSE) + VLOOKUP('Patient Data'!I24, Duration!A$2:T$6, P$3+2, TRUE) )) -> 0.58213074 | M24: =IF(AND($P$3>=14,F24<=1),1,IF(L24>0.3,K24,1)) -> 1
B25: V | C25: 61 | D25: Female | E25: 36.4578 | F25: 4 | G25: Commercial | H25: Conservative | I25: 91 | K25: 1 | L25: =EXP( VLOOKUP(1, Intercepts!A$2:R$2, P$3, FALSE) +(LOG10(C25)*( VLOOKUP(10, Age!A$3:R$3, P$3, FALSE))) + VLOOKUP(D25, Sex!A$2:R$5, P$3, FALSE) + (E25*(VLOOKUP(1, AdmitScore!A$2:R$2, P$3, FALSE))) + VLOOKUP(F25, AdmitPain!A$2:R$13, P$3, FALSE) + VLOOKUP(G25, Payer!A$2:R$8, P$3, FALSE) + VLOOKUP(H25, TxType!A$2:R$4, P$3, FALSE) + VLOOKUP('Patient Data'!I25, Duration!A$2:T$6, P$3+2, TRUE) )/(1+EXP( VLOOKUP(1, Intercepts!A$2:R$2, P$3, FALSE) + (LOG10(C25)*( VLOOKUP(10, Age!A$3:R$3, P$3, FALSE))) + VLOOKUP(D25, Sex!A$2:R$5, P$3, FALSE) + (E25*(VLOOKUP(1, AdmitScore!A$2:R$2, P$3, FALSE))) + VLOOKUP(F25, AdmitPain!A$2:R$13, P$3, FALSE) + VLOOKUP(G25, Payer!A$2:R$8, P$3, FALSE) + VLOOKUP(H25, TxType!A$2:R$4, P$3, FALSE) + VLOOKUP('Patient Data'!I25, Duration!A$2:T$6, P$3+2, TRUE) )) -> 0.32628321 | M25: =IF(AND($P$3>=14,F25<=1),1,IF(L25>0.3,K25,1)) -> 1
B26: W | C26: 76 | D26: Female | E26: 23.2091 | F26: 7 | G26: Medicare | H26: Surgical | I26: 90 | K26: 1 | L26: =EXP( VLOOKUP(1, Intercepts!A$2:R$2, P$3, FALSE) +(LOG10(C26)*( VLOOKUP(10, Age!A$3:R$3, P$3, FALSE))) + VLOOKUP(D26, Sex!A$2:R$5, P$3, FALSE) + (E26*(VLOOKUP(1, AdmitScore!A$2:R$2, P$3, FALSE))) + VLOOKUP(F26, AdmitPain!A$2:R$13, P$3, FALSE) + VLOOKUP(G26, Payer!A$2:R$8, P$3, FALSE) + VLOOKUP(H26, TxType!A$2:R$4, P$3, FALSE) + VLOOKUP('Patient Data'!I26, Duration!A$2:T$6, P$3+2, TRUE) )/(1+EXP( VLOOKUP(1, Intercepts!A$2:R$2, P$3, FALSE) + (LOG10(C26)*( VLOOKUP(10, Age!A$3:R$3, P$3, FALSE))) + VLOOKUP(D26, Sex!A$2:R$5, P$3, FALSE) + (E26*(VLOOKUP(1, AdmitScore!A$2:R$2, P$3, FALSE))) + VLOOKUP(F26, AdmitPain!A$2:R$13, P$3, FALSE) + VLOOKUP(G26, Payer!A$2:R$8, P$3, FALSE) + VLOOKUP(H26, TxType!A$2:R$4, P$3, FALSE) + VLOOKUP('Patient Data'!I26, Duration!A$2:T$6, P$3+2, TRUE) )) -> 0.53573195 | M26: =IF(AND($P$3>=14,F26<=1),1,IF(L26>0.3,K26,1)) -> 1
B27: X | C27: 50 | D27: Female | E27: 23.2091 | F27: 6 | G27: Commercial | H27: Surgical | I27: 90 | K27: 1 | L27: =EXP( VLOOKUP(1, Intercepts!A$2:R$2, P$3, FALSE) +(LOG10(C27)*( VLOOKUP(10, Age!A$3:R$3, P$3, FALSE))) + VLOOKUP(D27, Sex!A$2:R$5, P$3, FALSE) + (E27*(VLOOKUP(1, AdmitScore!A$2:R$2, P$3, FALSE))) + VLOOKUP(F27, AdmitPain!A$2:R$13, P$3, FALSE) + VLOOKUP(G27, Payer!A$2:R$8, P$3, FALSE) + VLOOKUP(H27, TxType!A$2:R$4, P$3, FALSE) + VLOOKUP('Patient Data'!I27, Duration!A$2:T$6, P$3+2, TRUE) )/(1+EXP( VLOOKUP(1, Intercepts!A$2:R$2, P$3, FALSE) + (LOG10(C27)*( VLOOKUP(10, Age!A$3:R$3, P$3, FALSE))) + VLOOKUP(D27, Sex!A$2:R$5, P$3, FALSE) + (E27*(VLOOKUP(1, AdmitScore!A$2:R$2, P$3, FALSE))) + VLOOKUP(F27, AdmitPain!A$2:R$13, P$3, FALSE) + VLOOKUP(G27, Payer!A$2:R$8, P$3, FALSE) + VLOOKUP(H27, TxType!A$2:R$4, P$3, FALSE) + VLOOKUP('Patient Data'!I27, Duration!A$2:T$6, P$3+2, TRUE) )) -> 0.48777899 | M27: =IF(AND($P$3>=14,F27<=1),1,IF(L27>0.3,K27,1)) -> 1
B28: Y | C28: 32 | D28: Male | E28: 65.3029 | F28: 6 | G28: Commercial | H28: Conservative | I28: 91 | K28: 1 | L28: =EXP( VLOOKUP(1, Intercepts!A$2:R$2, P$3, FALSE) +(LOG10(C28)*( VLOOKUP(10, Age!A$3:R$3, P$3, FALSE))) + VLOOKUP(D28, Sex!A$2:R$5, P$3, FALSE) + (E28*(VLOOKUP(1, AdmitScore!A$2:R$2, P$3, FALSE))) + VLOOKUP(F28, AdmitPain!A$2:R$13, P$3, FALSE) + VLOOKUP(G28, Payer!A$2:R$8, P$3, FALSE) + VLOOKUP(H28, TxType!A$2:R$4, P$3, FALSE) + VLOOKUP('Patient Data'!I28, Duration!A$2:T$6, P$3+2, TRUE) )/(1+EXP( VLOOKUP(1, Intercepts!A$2:R$2, P$3, FALSE) + (LOG10(C28)*( VLOOKUP(10, Age!A$3:R$3, P$3, FALSE))) + VLOOKUP(D28, Sex!A$2:R$5, P$3, FALSE) + (E28*(VLOOKUP(1, AdmitScore!A$2:R$2, P$3, FALSE))) + VLOOKUP(F28, AdmitPain!A$2:R$13, P$3, FALSE) + VLOOKUP(G28, Payer!A$2:R$8, P$3, FALSE) + VLOOKUP(H28, TxType!A$2:R$4, P$3, FALSE) + VLOOKUP('Patient Data'!I28, Duration!A$2:T$6, P$3+2, TRUE) )) -> 0.53776061 | M28: =IF(AND($P$3>=14,F28<=1),1,IF(L28>0.3,K28,1)) -> 1
K33: Unadjusted (raw) Provider-Level Performance Rate | M33: Adjusted Provider-Level Performance Rate
K34: =AVERAGE(K4:K28) -> 0.8 | M34: =AVERAGE(M4:M28) -> 0.88

Sheet Intercepts
A1: id | B1: MSK1.Neck.NDI | C1: MSK1.Neck.PI | D1: MSK2.UpperExtremity.QDASH | E1: MSK2.UpperExtremity.UE | F1: MSK3.Back.MDQ | G1: MSK3.Back.PI | H1: MSK4.LowerExtremity.LEFS | I1: MSK4.LowerExtremity.PF | J1: MSK4.LowerExtremity.HOOSJr | K1: MSK5.Knee.KOS | L1: MSK5.Knee.PF | M1: MSK5.Knee.KOOSJr | N1: MSK6.Neck.NPRS | O1: MSK7.UpperExtremity.NPRS | P1: MSK8.Back.NPRS | Q1: MSK9.LowerExtremity.NPRS | R1: MSK10.Knee.NPRS
A2: 1 | B2: 0.99329708 | C2: -3.9246733 | D2: 0.98546511 | E2: 5.0575365 | F2: 1.2666834 | G2: -3.3426159 | H2: 5.2781848 | I2: 6.6121816 | J2: 4.8635521 | K2: 3.7087664 | L2: 7.1522222 | M2: 6.6175802 | N2: -1.1824156 | O2: -0.87098636 | P2: -0.55112084 | Q2: -0.95238362 | R2: -0.80982207

Sheet Age
A1: Age.num | B1: MSK1.Neck.NDI | C1: MSK1.Neck.PI | D1: MSK2.UpperExtremity.QDASH | E1: MSK2.UpperExtremity.UE | F1: MSK3.Back.MDQ | G1: MSK3.Back.PI | H1: MSK4.LowerExtremity.LEFS | I1: MSK4.LowerExtremity.PF | J1: MSK4.LowerExtremity.HOOSJr | K1: MSK5.Knee.KOS | L1: MSK5.Knee.PF | M1: MSK5.Knee.KOOSJr | N1: MSK6.Neck.NPRS | O1: MSK7.UpperExtremity.NPRS | P1: MSK8.Back.NPRS | Q1: MSK9.LowerExtremity.NPRS | R1: MSK10.Knee.NPRS
A2: Missing | B2: 0 | C2: 0 | D2: 0 | E2: 0 | F2: 0 | G2: 0 | H2: 0 | I2: 0 | J2: 0 | K2: 0 | L2: 0 | M2: 0 | N2: 0 | O2: 0 | P2: 0 | Q2: 0 | R2: 0
A3: 10 | B3: -0.71395096 | C3: -0.58465156 | D3: -0.799038 | E3: -0.80751764 | F3: -0.72895233 | G3: -0.85900508 | H3: -1.4331268 | I3: -1.5228833 | J3: -0.23209143 | K3: 0 | L3: -1.343101 | M3: -1.0013656 | N3: -0.14583355 | O3: -0.37946337 | P3: -0.46259207 | Q3: -0.35647541 | R3: -0.52898968

Sheet Sex
A1: GENDER_DSC | B1: MSK1.Neck.NDI | C1: MSK1.Neck.PI | D1: MSK2.UpperExtremity.QDASH | E1: MSK2.UpperExtremity.UE | F1: MSK3.Back.MDQ | G1: MSK3.Back.PI | H1: MSK4.LowerExtremity.LEFS | I1: MSK4.LowerExtremity.PF | J1: MSK4.LowerExtremity.HOOSJr | K1: MSK5.Knee.KOS | L1: MSK5.Knee.PF | M1: MSK5.Knee.KOOSJr | N1: MSK6.Neck.NPRS | O1: MSK7.UpperExtremity.NPRS | P1: MSK8.Back.NPRS | Q1: MSK9.LowerExtremity.NPRS | R1: MSK10.Knee.NPRS
A2: Female | B2: 0 | C2: 0 | D2: 0 | E2: 0 | F2: 0 | G2: 0 | H2: 0 | I2: 0 | J2: 0 | K2: 0 | L2: 0 | M2: 0 | N2: 0 | O2: 0 | P2: 0 | Q2: 0 | R2: 0
A3: Male | B3: -0.060209742 | C3: 0 | D3: 0 | E3: 0.20552111 | F3: 0 | G3: 0 | H3: 0 | I3: 0.11701107 | J3: 0.065907714 | K3: 0 | L3: 0.19613134 | M3: 0.087309139 | N3: 0 | O3: 0 | P3: 0.049139724 | Q3: 0.046124567 | R3: 0.061180988
A4: Missing/Inter/PNA | B4: 0 | C4: 0.64613779 | D4: 0 | E4: 0.60452873 | F4: 0 | G4: 0.60041095 | H4: 0 | I4: 0.57493227 | J4: 0 | K4: 0 | L4: 0.65553173 | M4: 0 | N4: 0.46631856 | O4: 0.34743653 | P4: 0.50901527 | Q4: 0.38360818 | R4: 0.40312994
A5: Missing | B5: 0 | C5: 0.64613779 | D5: 0 | E5: 0.60452873 | F5: 0 | G5: 0.60041095 | H5: 0 | I5: 0.57493227 | J5: 0 | K5: 0 | L5: 0.65553173 | M5: 0 | N5: 0.46631856 | O5: 0.34743653 | P5: 0.50901527 | Q5: 0.38360818 | R5: 0.40312994

Sheet AdmitScore
A1: ADMIT_SCORE_NO | B1: MSK1.Neck.NDI | C1: MSK1.Neck.PI | D1: MSK2.UpperExtremity.QDASH | E1: MSK2.UpperExtremity.UE | F1: MSK3.Back.MDQ | G1: MSK3.Back.PI | H1: MSK4.LowerExtremity.LEFS | I1: MSK4.LowerExtremity.PF | J1: MSK4.LowerExtremity.HOOSJr | K1: MSK5.Knee.KOS | L1: MSK5.Knee.PF | M1: MSK5.Knee.KOOSJr | N1: MSK6.Neck.NPRS | O1: MSK7.UpperExtremity.NPRS | P1: MSK8.Back.NPRS | Q1: MSK9.LowerExtremity.NPRS | R1: MSK10.Knee.NPRS
A2: 1 | B2: 0.035448149 | C2: 0.099381756 | D2: 0.039725054 | E2: -0.076522668 | F2: 0.03214922 | G2: 0.096861944 | H2: -0.041859642 | I2: -0.073950406 | J2: -0.06121387 | K2: -0.040916763 | L2: -0.095939319 | M2: -0.066388869 | N2: 0 | O2: 0 | P2: 0 | Q2: 0 | R2: 0

Sheet AdmitPain
A1: ADMIT_PAIN_NO | B1: MSK1.Neck.NDI | C1: MSK1.Neck.PI | D1: MSK2.UpperExtremity.QDASH | E1: MSK2.UpperExtremity.UE | F1: MSK3.Back.MDQ | G1: MSK3.Back.PI | H1: MSK4.LowerExtremity.LEFS | I1: MSK4.LowerExtremity.PI | J1: MSK4.LowerExtremity.HOOSJr | K1: MSK5.Knee.KOS | L1: MSK5.Knee.PF | M1: MSK5.Knee.KOOSJr | N1: MSK6.Neck.NPRS | O1: MSK7.UpperExtremity.NPRS | P1: MSK8.Back.NPRS | Q1: MSK9.LowerExtremity.NPRS | R1: MSK10.Knee.NPRS
A2: Missing | B2: 0 | C2: 0 | D2: 0 | E2: 0 | F2: 0 | G2: 0 | H2: 0 | I2: 0 | J2: 0 | K2: 0 | L2: 0 | M2: 0 | N2: 0 | O2: 0 | P2: 0 | Q2: 0 | R2: 0
A3: 0 | B3: 0 | C3: 0 | D3: 0 | E3: 0 | F3: 0 | G3: 0 | H3: 0 | I3: 0 | J3: 0 | K3: 0 | L3: 0 | M3: 0 | N3: 0 | O3: 0 | P3: 0 | Q3: 0 | R3: 0
A4: 1 | B4: 0 | C4: 0 | D4: 0 | E4: 0 | F4: 0 | G4: 0 | H4: 0 | I4: 0 | J4: 0 | K4: 0 | L4: 0 | M4: 0 | N4: 0.3693956 | O4: 0.42340846 | P4: 0.34881297 | Q4: 0.42938134 | R4: 0.46092254
A5: 2 | B5: =B$4 * $A5 -> 0 | C5: =C$4 * $A5 -> 0 | D5: =D$4 * $A5 -> 0 | E5: =E$4 * $A5 -> 0 | F5: =F$4 * $A5 -> 0 | G5: =G$4 * $A5 -> 0 | H5: =H$4 * $A5 -> 0 | I5: =I$4 * $A5 -> 0 | ... R5: =R$4 * $A5 -> 0.92184508
A6: 3 | B6: =B$4 * $A6 -> 0 | C6: =C$4 * $A6 -> 0 | D6: =D$4 * $A6 -> 0 | E6: =E$4 * $A6 -> 0 | F6: =F$4 * $A6 -> 0 | G6: =G$4 * $A6 -> 0 | H6: =H$4 * $A6 -> 0 | I6: =I$4 * $A6 -> 0 | ... R6: =R$4 * $A6 -> 1.3827676
A7: 4 | B7: =B$4 * $A7 -> 0 | C7: =C$4 * $A7 -> 0 | D7: =D$4 * $A7 -> 0 | E7: =E$4 * $A7 -> 0 | F7: =F$4 * $A7 -> 0 | G7: =G$4 * $A7 -> 0 | H7: =H$4 * $A7 -> 0 | I7: =I$4 * $A7 -> 0 | ... R7: =R$4 * $A7 -> 1.8436902
A8: 5 | B8: =B$4 * $A8 -> 0 | C8: =C$4 * $A8 -> 0 | D8: =D$4 * $A8 -> 0 | E8: =E$4 * $A8 -> 0 | F8: =F$4 * $A8 -> 0 | G8: =G$4 * $A8 -> 0 | H8: =H$4 * $A8 -> 0 | I8: =I$4 * $A8 -> 0 | ... R8: =R$4 * $A8 -> 2.3046127
A9: 6 | B9: =B$4 * $A9 -> 0 | C9: =C$4 * $A9 -> 0 | D9: =D$4 * $A9 -> 0 | E9: =E$4 * $A9 -> 0 | F9: =F$4 * $A9 -> 0 | G9: =G$4 * $A9 -> 0 | H9: =H$4 * $A9 -> 0 | I9: =I$4 * $A9 -> 0 | ... R9: =R$4 * $A9 -> 2.7655353
A10: 7 | B10: =B$4 * $A10 -> 0 | C10: =C$4 * $A10 -> 0 | D10: =D$4 * $A10 -> 0 | E10: =E$4 * $A10 -> 0 | F10: =F$4 * $A10 -> 0 | G10: =G$4 * $A10 -> 0 | H10: =H$4 * $A10 -> 0 | I10: =I$4 * $A10 -> 0 | ... R10: =R$4 * $A10 -> 3.2264578
A11: 8 | B11: =B$4 * $A11 -> 0 | C11: =C$4 * $A11 -> 0 | D11: =D$4 * $A11 -> 0 | E11: =E$4 * $A11 -> 0 | F11: =F$4 * $A11 -> 0 | G11: =G$4 * $A11 -> 0 | H11: =H$4 * $A11 -> 0 | I11: =I$4 * $A11 -> 0 | ... R11: =R$4 * $A11 -> 3.6873803
A12: 9 | B12: =B$4 * $A12 -> 0 | C12: =C$4 * $A12 -> 0 | D12: =D$4 * $A12 -> 0 | E12: =E$4 * $A12 -> 0 | F12: =F$4 * $A12 -> 0 | G12: =G$4 * $A12 -> 0 | H12: =H$4 * $A12 -> 0 | I12: =I$4 * $A12 -> 0 | ... R12: =R$4 * $A12 -> 4.1483029
A13: 10 | B13: =B$4 * $A13 -> 0 | C13: =C$4 * $A13 -> 0 | D13: =D$4 * $A13 -> 0 | E13: =E$4 * $A13 -> 0 | F13: =F$4 * $A13 -> 0 | G13: =G$4 * $A13 -> 0 | H13: =H$4 * $A13 -> 0 | I13: =I$4 * $A13 -> 0 | ... R13: =R$4 * $A13 -> 4.6092254

Sheet Payer
A1: pyr2 | B1: MSK1.Neck.NDI | C1: MSK1.Neck.PI | D1: MSK2.UpperExtremity.QDASH | E1: MSK2.UpperExtremity.UE | F1: MSK3.Back.MDQ | G1: MSK3.Back.PI | H1: MSK4.LowerExtremity.LEFS | I1: MSK4.LowerExtremity.PF | J1: MSK4.LowerExtremity.HOOSJr | K1: MSK5.Knee.KOS | L1: MSK5.Knee.PF | M1: MSK5.Knee.KOOSJr | N1: MSK6.Neck.NPRS | O1: MSK7.UpperExtremity.NPRS | P1: MSK8.Back.NPRS | Q1: MSK9.LowerExtremity.NPRS | R1: MSK10.Knee.NPRS
A2: Commercial | B2: 0 | C2: 0 | D2: 0 | E2: 0 | F2: 0 | G2: 0 | H2: 0 | I2: 0 | J2: 0 | K2: 0 | L2: 0 | M2: 0 | N2: 0 | O2: 0 | P2: 0 | Q2: 0 | R2: 0
A3: Medicare | B3: 0 | C3: -0.068869197 | D3: -0.095086714 | E3: -0.057946198 | F3: -0.044816832 | G3: -0.084334628 | H3: -0.16365134 | I3: -0.16606013 | J3: 0 | K3: 0 | L3: -0.14956533 | M3: 0 | N3: 0 | O3: -0.074997042 | P3: -0.0726279 | Q3: -0.047892163 | R3: 0
A4: Industrial | B4: -0.66073813 | C4: -0.88037481 | D4: -0.60682033 | E4: -0.67248716 | F4: -0.44486491 | G4: -0.74607937 | H4: -0.45599417 | I4: -0.45857101 | J4: -0.9687675 | K4: 0 | L4: -0.67716237 | M4: -0.75264977 | N4: -0.72416235 | O4: -0.75748479 | P4: -0.73324818 | Q4: -0.70186735 | R4: -0.86933298
A5: Medicaid | B5: -0.47021427 | C5: -0.68895226 | D5: -0.61380662 | E5: -0.60748211 | F5: -0.53849946 | G5: -0.69083473 | H5: -0.51386657 | I5: -0.74202315 | J5: -0.56375663 | K5: -1.0477568 | L5: -0.70265273 | M5: -0.76252506 | N5: -0.6937168 | O5: -0.65383934 | P5: -0.7228404 | Q5: -0.73117813 | R5: -0.71444512
A6: Self | B6: -0.1502204 | C6: 0 | D6: 0 | E6: 0 | F6: -0.14596788 | G6: 0 | H6: -0.15452769 | I6: 0 | J6: 0 | K6: 0 | L6: 0 | M6: 0 | N6: 0 | O6: -0.16017939 | P6: 0 | Q6: -0.17227352 | R6: 0
A7: Auto | B7: -0.38520009 | C7: -0.297659 | D7: -0.39640358 | E7: 0 | F7: -0.58909892 | G7: -0.38868955 | H7: -0.63543775 | I7: -0.39112095 | J7: 0 | K7: 0 | L7: -0.3644013 | M7: -0.80251293 | N7: -0.29158936 | O7: -0.34053742 | P7: -0.37884344 | Q7: -0.32732395 | R7: -0.64584176
A8: Missing | B8: -0.50403583 | C8: -0.43765344 | D8: 0 | E8: -0.33731116 | F8: -0.41426312 | G8: -0.40470332 | H8: 0 | I8: -0.36071484 | J8: 0 | K8: -0.54131298 | L8: -0.40355956 | M8: 0 | N8: -0.36247452 | O8: -0.39246511 | P8: -0.42791482 | Q8: -0.36388369 | R8: -0.46406985

Sheet TxType
A1: TX_TYPE_CD | B1: MSK1.Neck.NDI | C1: MSK1.Neck.PI | D1: MSK2.UpperExtremity.QDASH | E1: MSK2.UpperExtremity.UE | F1: MSK3.Back.MDQ | G1: MSK3.Back.PI | H1: MSK4.LowerExtremity.LEFS | I1: MSK4.LowerExtremity.PF | J1: MSK4.LowerExtremity.HOOSJr | K1: MSK5.Knee.KOS | L1: MSK5.Knee.PF | M1: MSK5.Knee.KOOSJr | N1: MSK6.Neck.NPRS | O1: MSK7.UpperExtremity.NPRS | P1: MSK8.Back.NPRS | Q1: MSK9.LowerExtremity.NPRS | R1: MSK10.Knee.NPRS
A2: Conservative | B2: 0 | C2: 0 | D2: 0 | E2: 0 | F2: 0 | G2: 0 | H2: 0 | I2: 0 | J2: 0 | K2: 0 | L2: 0 | M2: 0 | N2: 0 | O2: 0 | P2: 0 | Q2: 0 | R2: 0
A3: Surgical | B3: -0.25341959 | C3: -0.62064612 | D3: 0.40598454 | E3: 0.23717155 | F3: -0.18919761 | G3: -0.67027695 | H3: 0.23729897 | I3: 0 | J3: 0.44813856 | K3: 0.64488841 | L3: 0.197213 | M3: 0.37690074 | N3: -0.72129391 | O3: -0.078362604 | P3: -0.80472075 | Q3: -0.30864703 | R3: 0.058772426
A4: Missing | B4: 0 | C4: 0 | D4: 0 | E4: 0 | F4: 0 | G4: 0 | H4: 0 | I4: 0 | J4: 0 | K4: 0 | L4: 0 | M4: 0 | N4: 0 | O4: 0 | P4: 0 | Q4: 0 | R4: 0

Sheet Duration
A1: lower | B1: upper | C1: DurCat | D1: MSK1.Neck.NDI | E1: MSK1.Neck.PI | F1: MSK2.UpperExtremity.QDASH | G1: MSK2.UpperExtremity.UE | H1: MSK3.Back.MDQ | I1: MSK3.Back.PI | J1: MSK4.LowerExtremity.LEFS | K1: MSK4.LowerExtremity.PF | L1: MSK4.LowerExtremity.HOOSJr | M1: MSK5.Knee.KOS | N1: MSK5.Knee.PF | O1: MSK5.Knee.KOOSJr | P1: MSK6.Neck.NPRS | Q1: MSK7.UpperExtremity.NPRS | R1: MSK8.Back.NPRS | S1: MSK9.LowerExtremity.NPRS | T1: MSK10.Knee.NPRS
A2: Missing | B2: Missing | C2: Missing | D2: 0 | E2: 0 | F2: 0 | G2: 0 | H2: 0 | I2: 0 | J2: 0 | K2: 0 | L2: 0 | M2: 0 | N2: 0 | O2: 0 | P2: 0 | Q2: 0 | R2: 0 | S2: 0 | T2: 0
A3: 0 | B3: 30 | C3: [0,30] | D3: 0 | E3: 0 | F3: 0 | G3: 0 | H3: 0 | I3: 0 | J3: 0 | K3: 0 | L3: 0 | M3: 0 | N3: 0 | O3: 0 | P3: 0 | Q3: 0 | R3: 0 | S3: 0 | T3: 0
A4: 31 | B4: 90 | C4: [31,90] | D4: 0 | E4: 0 | F4: 0 | G4: 0 | H4: 0 | I4: 0 | J4: 0 | K4: 0 | L4: 0 | M4: 0 | N4: 0 | O4: 0 | P4: 0 | Q4: 0 | R4: 0 | S4: 0 | T4: 0
A5: 91 | B5: 365 | C5: [91,365] | D5: -0.61152841 | E5: -0.60025095 | F5: -0.470809 | G5: -0.59615722 | H5: -0.69372556 | I5: -0.71124366 | J5: -0.66646556 | K5: -0.72571902 | L5: -0.38940784 | M5: -0.39468664 | N5: -0.71879769 | O5: -0.41072404 | P5: -0.64322176 | Q5: -0.47890855 | R5: -0.74329571 | S5: -0.63321365 | T5: -0.63078718
A6: 366 | B6: Infinity | C6: [366,Inf] | D6: -0.61152841 | E6: -0.60025095 | F6: -0.470809 | G6: -0.59615722 | H6: -0.69372556 | I6: -0.71124366 | J6: -0.66646556 | K6: -0.72571902 | L6: -0.38940784 | M6: -0.39468664 | N6: -0.71879769 | O6: -0.41072404 | P6: -0.64322176 | Q6: -0.47890855 | R6: -0.74329571 | S6: -0.63321365 | T6: -0.63078718
